the, 2593
you, 1423
a, 1401
is, 1237
to, 1123
it, 958
i, 937
in, 891
lul, 878
and, 693
for, 604
that, 560
on, 552
this, 548
sac7, 491
of, 487
just, 470
with, 466
can, 451
game, 410
have, 379
so, 372
they, 346
access, 342
sacriel, 340
like, 304
not, 302
play, 299
are, 296
if, 294
no, 292
he, 292
out, 291
get, 284
now, 281
origin, 274
your, 268
what, 245
its, 240
was, 238
sips_, 228
lol, 220
be, 219
sips, 216
how, 214
but, 209
bfv, 207
premier, 206
at, 198
as, 193
don't, 190
me, 188
do, 186
there, 181
has, 178
we, 177
up, 171
it's, 171
good, 169
my, 167
or, 164
more, 162
all, 158
an, 156
d, 146
only, 146
see, 146
one, 146
yes, 146
did, 141
from, 140
map, 137
off, 135
kappa, 134
pogchamp, 133
early, 132
think, 131
will, 129
subscribed, 128
when, 128
horse, 127
some, 127
back, 122
looks, 121
1, 119
got, 118
right, 116
dicks, 116
go, 115
playing, 115
well, 114
still, 111
been, 110
chat, 110
beta, 110
rtx, 110
u, 109
monkas, 109
people, 106
tank, 105
him, 104
sipspls, 104
about, 102
why, 102
2, 102
know, 100
anyone, 100
mask, 100
then, 99
battlefield, 98
by, 97
oh, 97
dont, 97
make, 95
3, 93
too, 92
im, 92
twitch, 90
his, 90
does, 89
need, 89
yeah, 88
kill, 88
dead, 86
new, 85
dragoonseal, 81
time, 79
poggers, 79
thats, 78
any, 77
even, 77
shit, 77
their, 76
salute, 75
day, 75
jack, 75
nice, 75
would, 74
today, 74
much, 74
yet, 74
option, 74
them, 73
rip, 73
here, 73
really, 73
better, 72
man, 72
months, 71
thanks, 71
restart, 71
hat, 71
release, 70
42nd, 69
games, 69
stream, 69
wait, 68
bf1, 68
sure, 67
sac42pride, 67
you're, 67
sac, 66
i'm, 66
over, 65
had, 64
said, 64
next, 64
cant, 63
want, 63
clap, 63
sacl, 62
gun, 62
before, 61
bf, 61
look, 61
jasonrmean, 61
intel, 60
already, 60
bad, 60
every, 59
month, 59
sounds, 59
guys, 59
than, 59
that's, 58
10, 58
he's, 58
first, 58
ww2, 58
far, 58
money, 58
nixon, 58
everyone, 57
wow, 57
full, 57
set, 57
prime, 56
fps, 56
sound, 56
v, 56
take, 56
great, 55
dick, 55
should, 54
dog, 54
going, 54
into, 54
richard, 54
ea, 53
sub, 53
row, 52
best, 52
gaming, 52
bounty, 52
were, 52
tomorrow, 52
those, 51
maybe, 51
gonna, 51
our, 50
who, 50
worth, 50
gold, 50
guy, 49
never, 49
because, 49
stop, 49
bear, 49
lmao, 48
pay, 48
lemings, 48
being, 48
world, 47
way, 47
say, 47
shannonzkiller, 47
br, 47
f, 47
love, 46
500, 46
big, 46
same, 46
actually, 46
could, 46
down, 45
use, 45
pc, 45
mean, 45
5, 44
saclul, 44
pretty, 44
check, 44
again, 44
buy, 44
ok, 43
try, 43
chimney, 43
which, 42
sacwave, 42
bit, 42
where, 42
wtf, 42
though, 41
war, 41
shot, 41
music, 41
hes, 41
hit, 41
kreygasm, 41
fish, 41
player, 40
many, 40
other, 40
shoot, 40
bf5, 40
says, 40
thought, 40
tanks, 40
boy, 40
thank, 39
sacpog, 39
minutes, 39
hey, 39
after, 39
isnt, 39
walking, 38
run, 38
follow, 38
hours, 38
tier, 38
audio, 38
please, 37
very, 37
come, 37
tho, 37
also, 36
getting, 36
most, 36
fine, 36
little, 36
fence, 36
watch, 35
fight, 35
someone, 35
isn't, 35
promoted, 35
seems, 35
give, 35
fuck, 35
find, 35
feelsbadman, 35
graphics, 35
4head, 35
fishing, 35
ripped, 35
giveaways, 34
four, 34
around, 34
4, 34
rank, 34
until, 34
deluxe, 34
god, 34
medium, 34
during, 34
yea, 33
sacriel's, 33
call, 33
launch, 33
these, 33
support, 33
wutface, 32
action, 32
read, 32
put, 32
p, 32
real, 32
cool, 32
bill, 32
hi, 32
show, 32
sipshey, 32
am, 31
keep, 31
can't, 31
maps, 31
thing, 31
fucking, 31
kick, 31
power, 30
overkill's, 30
co-op, 30
deadas, 30
livingcheck, 30
type, 30
later, 30
doesnt, 30
o, 30
march, 30
something, 30
always, 30
plane, 30
saclol, 29
dansgame, 29
head, 29
cheers, 29
ammo, 29
ah, 29
edition, 29
pog, 29
made, 29
old, 29
office, 29
away, 29
killed, 29
long, 28
years, 28
clean, 28
since, 28
haha, 28
open, 28
cod, 28
medic, 28
makes, 28
legendary, 27
might, 27
uptime, 27
coming, 27
build, 27
bar, 27
300, 27
dad, 27
sponsored, 26
whats, 26
sacawk, 26
gotta, 26
stuff, 26
things, 26
comes, 26
lot, 26
ass, 26
bucks, 26
fun, 26
nature, 26
rules, 25
fire, 25
didn't, 25
live, 25
dude, 25
damn, 25
work, 25
doesn't, 25
didnt, 25
25, 25
feed, 25
apart, 25
dogs, 25
sacsubs, 25
kid, 25
camp, 25
horses, 25
gator, 25
processors, 24
generously, 24
offered, 24
i7-8700k, 24
processor, 24
probably, 24
move, 24
add, 24
ever, 24
mode, 24
last, 24
name, 24
november, 24
available, 24
wrong, 24
voice, 24
left, 24
squad, 24
post, 24
fast, 24
sniper, 24
fluffyabsol, 24
ui, 24
through, 24
online, 24
sacnotes, 24
wilderness, 24
feel, 23
tell, 23
biblethump, 23
seconds, 23
hold, 23
youre, 23
used, 23
doing, 23
hour, 23
change, 23
needs, 23
everything, 23
done, 23
enemy, 23
gameplay, 23
red, 23
europe, 23
cleaner, 23
teamwork, 23
interactive, 23
her, 23
balls, 23
loot, 23
surrender, 23
sorry, 22
welcome, 22
20, 22
message, 22
while, 22
poor, 22
able, 22
guess, 22
weird, 22
awesome, 22
hope, 22
free, 22
amazing, 22
turn, 22
settings, 22
start, 22
came, 22
cinematic, 22
using, 22
missed, 22
tea, 22
another, 22
own, 22
sipsgasm, 22
rob, 22
neroxen_, 22
ross, 22
spam, 21
having, 21
notlikethis, 21
scope, 21
press, 21
us, 21
literally, 21
leave, 21
box, 21
sipsmonkasips, 21
sell, 21
times, 20
added, 20
word, 20
two, 20
players, 20
stand, 20
let, 20
saying, 20
different, 20
german, 20
played, 20
place, 20
planes, 20
team, 20
under, 20
she, 20
winterwolfeu, 20
banned, 20
sipso, 20
train, 20
days, 19
mate, 19
ask, 19
once, 19
6, 19
talk, 19
enjoy, 19
eat, 19
twitchunity, 19
oil, 19
jebaited, 19
rifle, 19
winners, 19
wanted, 19
basic, 19
without, 19
enabled, 19
damage, 19
yourself, 19
least, 19
almost, 19
nvidia, 19
gets, 19
enough, 19
believe, 19
ffs, 19
shooting, 19
theres, 19
bridge, 19
boi, 19
came_too_quick, 19
cali_knight, 19
jesus, 18
em, 18
hell, 18
cheer500, 18
soundname, 18
hard, 18
life, 18
champez2014, 18
failfish, 18
premium, 18
version, 18
wont, 18
cause, 18
kinda, 18
9th, 18
weeks, 18
house, 18
watching, 18
battle, 18
class, 18
ur, 18
sense, 18
kicking, 18
hunting, 18
-1, 18
stinkycheese, 18
noturstickers, 18
highlight, 17
sachmm, 17
law, 17
town, 17
crime, 17
system, 17
few, 17
special, 17
xd, 17
idea, 17
trial, 17
9, 17
soon, 17
dice, 17
funny, 17
top, 17
seemsgood, 17
i'll, 17
babyrage, 17
eye, 17
bounties, 17
point, 17
ryanmakhoul, 17
emilycchypers, 17
gifted, 17
english, 16
black, 16
sacno, 16
sacaww, 16
ready, 16
hahaha, 16
hear, 16
2080ti, 16
person, 16
they're, 16
campaign, 16
low, 16
oof, 16
less, 16
woman, 16
log, 16
larrycordner, 16
eliteminecrafter69, 16
wagon, 16
genesis, 16
sacs, 15
subs, 15
lose, 15
imagine, 15
high, 15
sign, 15
seen, 15
guns, 15
1899, 15
changed, 15
sweet, 15
e, 15
nothing, 15
ty, 15
released, 15
dumb, 15
face, 15
narvik, 15
holy, 15
aim, 15
such, 15
started, 15
shell, 15
kids, 15
killing, 15
ya, 15
minglee, 15
animal, 15
jakobb987, 15
mission, 15
monkashake, 15
danvr, 15
close, 14
till, 14
wonder, 14
there's, 14
respect, 14
caps, 14
beg, 14
die, 14
15, 14
saclove, 14
lasso, 14
year, 14
friend, 14
mr, 14
date, 14
hands, 14
okay, 14
looking, 14
feels, 14
20th, 14
premiere, 14
won't, 14
lets, 14
john, 14
movie, 14
n, 14
i've, 14
compared, 14
btw, 14
break, 14
sick, 14
key, 14
must, 14
kappapride, 14
sacfa, 14
buying, 14
delay, 14
dlc, 14
video, 14
timpw, 14
ps4, 14
infantry, 14
based, 14
happened, 14
america, 14
daepog, 14
majorfoley, 14
nah, 13
help, 13
links, 13
wheaton's, 13
found, 13
7, 13
sachurt, 13
preferred, 13
killer, 13
hunt, 13
small, 13
against, 13
hello, 13
quick, 13
nope, 13
running, 13
feelsgoodman, 13
whole, 13
hate, 13
true, 13
unlock, 13
stodeh, 13
lunch, 13
past, 13
works, 13
correct, 13
water, 13
else, 13
turned, 13
takes, 13
shotgun, 13
op, 13
weapons, 13
headshot, 13
2018, 13
sacsavage, 13
45, 13
drop, 13
side, 13
yep, 13
tree, 13
50, 13
haven't, 13
bouche4dag, 13
venturchiks, 13
bye, 13
cart, 13
sipsntea, 13
easy, 12
pelt, 12
tried, 12
morning, 12
stay, 12
wasn't, 12
simply, 12
30, 12
deals, 12
offers, 12
experiences, 12
ones, 12
question, 12
saw, 12
double, 12
nov, 12
goes, 12
100, 12
october, 12
basically, 12
console, 12
beautiful, 12
single, 12
gives, 12
building, 12
station, 12
ive, 12
what's, 12
round, 12
earlier, 12
remember, 12
youtube, 12
bigger, 12
normal, 12
wasnt, 12
tiger, 12
per, 12
tab, 12
hide, 12
ha, 12
size, 12
fly, 12
huge, 12
west, 12
view, 12
anything, 12
caseysbro, 12
meant, 12
sipspalm, 12
oxygen, 12
sync, 12
abutterycrumpet, 12
gators, 12
1812, 12
spawn, 11
anyway, 11
yesterday, 11
sit, 11
witness, 11
perfect, 11
8, 11
ago, 11
week, 11
catch, 11
knows, 11
software, 11
program, 11
behind-the-scenes, 11
invites, 11
events, 11
freebies, 11
connect, 11
elite, 11
developers, 11
looked, 11
twitter, 11
rest, 11
sacyay, 11
talking, 11
pride1, 11
went, 11
downloading, 11
second, 11
15th, 11
hype, 11
streamer, 11
story, 11
exactly, 11
part, 11
hows, 11
pick, 11
dx12, 11
fix, 11
60, 11
griffgoodman, 11
s, 11
currently, 11
bought, 11
hdr, 11
bullet, 11
nhaezer, 11
thx, 11
glare, 11
instead, 11
definitely, 11
half, 11
panzer, 11
@, 11
kills, 11
direct, 11
nerf, 11
70, 11
tiny, 11
paid, 11
called, 11
mrsirundersteer, 11
air, 11
jarmoest, 11
you'll, 11
spotting, 11
kicked, 11
bird, 11
cocaine, 11
bait, 11
softball10617, 11
seem, 10
died, 10
finally, 10
replace, 10
yup, 10
honor, 10
rdr2, 10
stupid, 10
sleep, 10
took, 10
crazy, 10
wish, 10
download, 10
baby, 10
customization, 10
atm, 10
certain, 10
bless, 10
gesundheit, 10
ultra, 10
making, 10
cancel, 10
gone, 10
revive, 10
supposed, 10
bigbatty, 10
bf4, 10
trailer, 10
standard, 10
omg, 10
understand, 10
fact, 10
server, 10
unless, 10
spot, 10
reason, 10
faster, 10
snipe, 10
shells, 10
giving, 10
ez, 10
24, 10
steal, 10
sacbros, 10
american, 10
white, 10
star, 10
overlord, 10
sac1hp, 10
reddit, 10
discord, 10
bastard, 10
miseryarse, 10
bet, 10
d-day, 10
sipslove, 10
zelaesh, 10
animals, 10
sipssmug, 10
eggs, 10
moved, 9
rdr, 9
friends, 9
uh, 9
alive, 9
entertainment, 9
eg, 9
carcrash, 9
yikes, 9
level, 9
assume, 9
birds, 9
waiting, 9
12, 9
random, 9
barrel, 9
11, 9
moment, 9
book, 9
johnnyarks, 9
miss, 9
door, 9
trying, 9
glad, 9
blind, 9
store, 9
mind, 9
rdfg, 9
preorder, 9
changes, 9
between, 9
ground, 9
cold, 9
switch, 9
walk, 9
multiplayer, 9
murphy1rng, 9
heyguys, 9
0, 9
omegalul, 9
vortexog, 9
pls, 9
blow, 9
anymore, 9
royale, 9
frank, 9
jeff, 9
imo, 9
ran, 9
lucky, 9
cannon, 9
deal, 9
boys, 9
women, 9
alt, 9
sacer, 9
rich, 9
snow, 9
wearing, 9
repair, 9
rocketmunkey, 9
chest, 9
medics, 9
sturm, 9
dunno, 9
daepride, 9
kurt, 9
dollar, 9
window, 9
yellowbelly, 9
arthur, 9
leaking, 9
travel, 9
nosbig11, 9
sega, 9
rod, 9
buks, 9
doogdance, 9
dun, 9
dinosaurs, 9
wipe, 8
mine, 8
dpad, 8
bring, 8
care, 8
gg, 8
twice, 8
usually, 8
mods, 8
chapter, 8
health, 8
streaming, 8
both, 8
sacclassy, 8
body, 8
37, 8
means, 8
i'd, 8
possible, 8
song, 8
alright, 8
himself, 8
heard, 8
save, 8
future, 8
button, 8
others, 8
lulw, 8
straight, 8
baba, 8
richie364, 8
wanna, 8
lady, 8
germans, 8
terrible, 8
performance, 8
resupply, 8
streamers, 8
specs, 8
hardware, 8
tour, 8
alot, 8
sacjeff, 8
content, 8
marvellousz, 8
screen, 8
weapon, 8
releases, 8
scriptum, 8
progress, 8
higher, 8
scopes, 8
sucks, 8
glint, 8
character, 8
gandalfpls, 8
shannon, 8
sometimes, 8
ill, 8
wheres, 8
points, 8
rude, 8
problem, 8
british, 8
destroy, 8
wouldn't, 8
tired, 8
course, 8
vehicles, 8
sackill, 8
boat, 8
bug, 8
howdy, 8
working, 8
iron, 8
join, 8
mountain, 8
frozyeso, 8
sacflex1, 8
sacflex2, 8
pre, 8
sacgg, 8
each, 8
improved, 8
idolen_, 8
may, 8
swiftrage, 8
melkor985, 8
win, 8
comatose24, 8
magic, 8
doobyscoo, 8
moving, 8
arguing, 8
atraaaax, 8
church, 8
become, 8
bison, 8
currymcflurry123, 8
gta, 8
stolen, 8
winner, 8
'prize', 8
sipsbot, 8
cops, 8
phil, 8
collins, 8
jessagemeep, 8
reptiles, 8
tarkov, 7
sacjump, 7
theyre, 7
expensive, 7
arrows, 7
explosive, 7
rounds, 7
meat, 7
gave, 7
safe, 7
super, 7
food, 7
especially, 7
tap, 7
chris, 7
clip, 7
daddy, 7
throw, 7
blood, 7
aint, 7
ginger, 7
drink, 7
night, 7
lenny, 7
reload, 7
apparently, 7
job, 7
problems, 7
mic, 7
jump, 7
gang, 7
yaga, 7
immersion, 7
vs, 7
inb4, 7
regular, 7
late, 7
let's, 7
keys, 7
keyboard, 7
active, 7
forget, 7
grand, 7
preordered, 7
counter, 7
issues, 7
thomas_kc, 7
nobody, 7
canada, 7
yer, 7
ai, 7
driver, 7
valentine, 7
destruction, 7
dmg, 7
upgrade, 7
crap, 7
auto, 7
general, 7
ye, 7
title, 7
stick, 7
closed, 7
mouse, 7
feet, 7
compare, 7
timprip, 7
snipers, 7
beat, 7
patch, 7
imdur, 7
count, 7
modern, 7
kind, 7
royal, 7
setting, 7
quit, 7
bumrushbill, 7
r, 7
objective, 7
issue, 7
range, 7
light, 7
news, 7
dat, 7
bunch, 7
punch, 7
c, 7
line, 7
interesting, 7
delayed, 7
sir, 7
skipped, 7
he'll, 7
shots, 7
fully, 7
dynamite, 7
spending, 7
similar, 7
origins, 7
subscription, 7
sirrusc, 7
iijonesyy, 7
flying, 7
plug, 7
land, 7
fighting, 7
pubg, 7
actual, 7
b, 7
huh, 7
boom, 7
pecky95, 7
hotpokket, 7
thinking, 7
tf, 7
bitch, 7
river, 7
hitch, 7
originaltimeline, 7
rowser43, 7
matter, 7
decent, 7
marketed, 7
end, 7
carry, 7
dan, 7
krownax, 7
pughpugh85, 7
ride, 7
carniz, 7
skyrim, 7
ghostlygrim, 7
block, 7
reported, 7
wear, 7
robbery, 7
sherrif, 7
nose, 7
charles, 7
chocolate, 7
sc2, 7
riding, 6
lost, 6
sacthump, 6
neat, 6
itll, 6
etc, 6
arent, 6
known, 6
told, 6
streams, 6
alvin, 6
joke, 6
realise, 6
minute, 6
deer, 6
party, 6
hmm, 6
odd, 6
uk, 6
whoa, 6
bro, 6
starting, 6
wants, 6
service, 6
main, 6
finished, 6
mark, 6
strong, 6
options, 6
wick, 6
confirmed, 6
how's, 6
christ, 6
epic, 6
ded, 6
she's, 6
stuck, 6
motion, 6
ppl, 6
stod, 6
losing, 6
movement, 6
ray, 6
tracing, 6
operations, 6
rotterdam, 6
reach, 6
feature, 6
tag, 6
idk, 6
taking, 6
flu, 6
uneqqe, 6
shape, 6
restarting, 6
extra, 6
1440p, 6
scream, 6
screams, 6
devs, 6
woopslul, 6
saccheers, 6
account, 6
turning, 6
mags, 6
hits, 6
worse, 6
drilling, 6
ball, 6
42, 6
community, 6
somebody, 6
order, 6
ears, 6
finish, 6
forward, 6
inside, 6
hoping, 6
three, 6
fantastic, 6
nerfed, 6
ap, 6
irl, 6
girl, 6
male, 6
sad, 6
balance, 6
expect, 6
fortnite, 6
dying, 6
room, 6
esc, 6
previous, 6
franchise, 6
locked, 6
tbh, 6
smg, 6
history, 6
vote, 6
death, 6
44gb, 6
saving, 6
firestorm, 6
pixelbob, 6
we're, 6
havent, 6
classes, 6
flares, 6
middle, 6
behind, 6
flak, 6
lock, 6
shut, 6
you've, 6
twisted, 6
k, 6
test, 6
channel, 6
trees, 6
grass, 6
sturmtiger, 6
cover, 6
markk1873, 6
skin, 6
fit, 6
peetorius, 6
google, 6
contact, 6
donation, 6
dollars, 6
x1padk, 6
atmosphere, 6
nuugi, 6
connatic, 6
luzenin, 6
child, 6
mescalin187, 6
pentadragon_, 6
thehotzde, 6
lie, 6
pestimism, 6
hattyqt, 6
hanfy, 6
private, 6
dutch, 6
spotted, 6
hang, 6
glitch, 6
epicko, 6
print, 6
760, 6
government, 6
craft, 6
nixon's, 6
splendor, 6
commit, 6
robbing, 6
gum, 6
gay, 6
peace, 6
christmascrustacean, 6
autopilots, 6
waypoint, 6
w1ll1am_r1ker, 6
sipsbob, 6
choo, 6
civil, 6
dereko123_, 6
medieval, 6
bed, 6
items, 5
crimes, 5
sheriff, 5
amount, 5
report, 5
picking, 5
id, 5
ain't, 5
eft, 5
area, 5
43, 5
myself, 5
whistle, 5
sounded, 5
distance, 5
justjaackla, 5
effect, 5
partner, 5
18th, 5
you'd, 5
info, 5
sacwut, 5
joined, 5
excited, 5
tsa_omen, 5
dang, 5
eh, 5
words, 5
afford, 5
asked, 5
ahh, 5
singleplayer, 5
ohh, 5
angelthump, 5
page, 5
legs, 5
female, 5
thingy, 5
h, 5
nuts, 5
eyes, 5
gandalf, 5
rn, 5
max, 5
lord, 5
blur, 5
120, 5
sacrly, 5
controller, 5
spend, 5
wut, 5
boss, 5
ninjaad, 5
loves, 5
z, 5
return, 5
gotcha, 5
difference, 5
ben_kidon, 5
freekinawesome, 5
chance, 5
lead, 5
playable, 5
200, 5
owners, 5
raptv, 5
heh, 5
cyber_entity, 5
trained, 5
machine, 5
y, 5
soldier, 5
earn, 5
trap, 5
they've, 5
meh, 5
saccheer100, 5
putting, 5
trolling, 5
worst, 5
forever, 5
calling, 5
card, 5
claim, 5
rustles2, 5
lechiliagon, 5
dong, 5
browser, 5
movies, 5
til, 5
19, 5
exist, 5
lmfao, 5
hyped, 5
style, 5
graphic, 5
dance, 5
brokeback, 5
countdown, 5
rofl, 5
bf3, 5
checking, 5
either, 5
rate, 5
suck, 5
80, 5
acess, 5
anti, 5
easier, 5
happening, 5
entire, 5
heavy, 5
hand, 5
m, 5
sort, 5
rather, 5
pre-order, 5
gotten, 5
driving, 5
center, 5
folks, 5
murder, 5
reminds, 5
cya, 5
company, 5
rchardkuklinski, 5
school, 5
shows, 5
cheap, 5
servers, 5
forgot, 5
omacbeth, 5
earth, 5
wwii, 5
mechanic, 5
classic, 5
pants, 5
wars, 5
everywhere, 5
asks, 5
emote, 5
salty, 5
plays, 5
xbox, 5
assault, 5
barrels, 5
drops, 5
pro, 5
notice, 5
operation, 5
grandgeen, 5
blehmehandeh, 5
rekt, 5
trivialmind, 5
obviously, 5
taylor0099, 5
14, 5
lay, 5
recommend, 5
skill, 5
b_o_c_k_y, 5
woah, 5
feeling, 5
wild, 5
v1, 5
steel, 5
2019, 5
butt, 5
bomb, 5
cuz, 5
ftw, 5
das, 5
waste, 5
sgt_cracker, 5
bois, 5
typehigh, 5
rub, 5
happen, 5
battles, 5
totally, 5
nooo, 5
spazziemagee, 5
hlkelsey, 5
daeyikes, 5
colony92, 5
iyield2no1, 5
fluidextractor, 5
aren't, 5
unicornbrothels, 5
five, 5
who's, 5
53, 5
re5urection, 5
information, 5
fail, 5
whenever, 5
favorite, 5
liked, 5
lesser, 5
showing, 5
argue, 5
defending, 5
poop, 5
sheetsweak, 5
shed, 5
23, 5
supports, 5
destroyed, 5
hd_carrot, 5
trail, 5
borsh007, 5
nolanist, 5
colors, 5
dordain, 5
r1cv3n, 5
stoop__kid, 5
p1tsa, 5
rot, 5
sipscreepy, 5
26, 5
leaving, 5
pony, 5
lunarnight23, 5
tom, 5
channels, 5
hogtie, 5
road, 5
sipswow, 5
sipsy, 5
golden, 5
stairs, 5
donate, 5
shes, 5
law_ruuns, 5
sipsrage, 5
voteyea, 5
inflation, 5
trains, 5
goods, 5
police, 5
tweet, 5
2018-nov-08, 5
331, 5
pst, 5
returns, 5
outdoor, 5
horse's, 5
blunt_dragon, 5
bank, 5
otto_von_van, 5
backseat, 5
treasure, 5
penny, 5
ohmydog, 5
suddenly, 5
cheer1, 5
sold, 5
tomriddlestone, 5
nckfy, 5
chores, 5
r1, 5
kidnapped, 5
sipschin, 5
redemption, 5
gjardims, 5
notea, 5
wikipedia, 5
eerik777, 5
minecraft, 5
dinos, 5
evolution, 5
khayyos, 5
updated, 4
mustachrides, 4
response, 4
following, 4
animations, 4
fantasy, 4
hunters, 4
cougar, 4
hunter, 4
along, 4
important, 4
ate, 4
leaves, 4
oilbeefhooked, 4
benkidhi, 4
short, 4
properly, 4
mmm, 4
murdasalt, 4
enjoying, 4
hoggy, 4
19th, 4
answer, 4
happens, 4
mins, 4
'em, 4
vapourxi, 4
whatever, 4
seriously, 4
foot, 4
mouth, 4
drown, 4
hrs, 4
skills, 4
aswell, 4
accent, 4
ryhv, 4
taftstation, 4
da, 4
gender, 4
m8, 4
np, 4
screw, 4
chicken, 4
soldiers, 4
vehicle, 4
actor, 4
ugh, 4
hobbit, 4
ingame, 4
ho, 4
alternate, 4
alasdig, 4
turns, 4
intro, 4
raredan, 4
bindings, 4
brain, 4
typehazard, 4
coolstorybob, 4
shift, 4
bottom, 4
in-game, 4
willdog101, 4
noticed, 4
enable, 4
primier, 4
polished, 4
devilsphere94, 4
shall, 4
gunplay, 4
pepehands, 4
needed, 4
update, 4
gpu, 4
drivers, 4
heal, 4
touch, 4
standing, 4
longer, 4
dirty, 4
cmon, 4
recently, 4
stormcrowsc2, 4
aiming, 4
minik, 4
rocket, 4
samuellsk, 4
dlss, 4
whos, 4
flare, 4
cheeky, 4
sniping, 4
hallvardgn, 4
lots, 4
menu, 4
master, 4
proxez, 4
lvl, 4
adding, 4
jonnytbh, 4
rid, 4
sooo, 4
app, 4
stg, 4
guide, 4
shame, 4
attack, 4
girls, 4
pownyja, 4
sanitter, 4
lack, 4
disturbing, 4
forsenkek, 4
mirnic9801, 4
hinekk, 4
bright, 4
outside, 4
dx11, 4
bananebaum, 4
res, 4
catalystfire, 4
hm, 4
bloody, 4
leader, 4
cmonbruh, 4
speed, 4
timmeh1901, 4
sneaky, 4
suppose, 4
young, 4
mg, 4
strange, 4
fall, 4
pm, 4
sproclet12, 4
balanced, 4
ow, 4
animation, 4
broken, 4
bread, 4
plz, 4
promote, 4
phy3eri, 4
na, 4
million, 4
boring, 4
removed, 4
realism, 4
lit, 4
bullets, 4
acting, 4
bearnecessitiesz, 4
crash, 4
welp, 4
simulator, 4
bugs, 4
remove, 4
internet, 4
combat, 4
sadly, 4
helps, 4
case, 4
worries, 4
r2d2, 4
intutv, 4
members, 4
built, 4
historical, 4
mp, 4
climb, 4
design, 4
self, 4
default, 4
nicer, 4
le, 4
slothprime_tv, 4
bam, 4
thrills67, 4
ridiculous, 4
fjell, 4
lobnob_, 4
monster, 4
pulled, 4
friendly, 4
locker, 4
marston, 4
falling, 4
roof, 4
surprised, 4
fallout, 4
mrmpog, 4
included, 4
silly, 4
learn, 4
jizzsocks, 4
anime, 4
sup, 4
doubt, 4
insane, 4
xp, 4
vermintide, 4
mad, 4
car, 4
teresmajor, 4
corpse, 4
messed, 4
swamp, 4
dark, 4
agree, 4
amazon, 4
arms, 4
nest, 4
incoming, 4
switch_rsa, 4
kkona, 4
danp, 4
fortifications, 4
saved, 4
facts, 4
iconic, 4
noooo, 4
error, 4
reticle, 4
hahah, 4
saciq, 4
camera, 4
mostly, 4
rush, 4
vision, 4
16, 4
clearly, 4
switching, 4
winning, 4
captain, 4
mates, 4
uzziuri, 4
blue_fist75, 4
hmmm, 4
anyways, 4
stations, 4
given, 4
completely, 4
supply, 4
coffee, 4
wouldnt, 4
vsync, 4
slightly, 4
campaigns, 4
40, 4
mom, 4
rats, 4
daspionzor, 4
lordboogzor, 4
alexa, 4
x, 4
refresh, 4
shouldnt, 4
beer, 4
damnsamual, 4
lady_hepatica, 4
business, 4
funkayy_, 4
nostalgician, 4
learned, 4
munkey2hype, 4
goatmilkk2, 4
hausal, 4
tower, 4
trusdale223, 4
hl115, 4
brown, 4
bits, 4
cohhbomb, 4
bell, 4
danger, 4
maxdood, 4
usmcthomasw, 4
buds, 4
cowboy, 4
lassoo, 4
bobbobmanguy, 4
unlocked, 4
wagons, 4
traffic, 4
states, 4
sam9742, 4
witnesses, 4
murdered, 4
arthurs, 4
sipsgonk, 4
vods, 4
slap, 4
4th, 4
theonlytermin, 4
sloppy, 4
racist, 4
whispers, 4
'strangers', 4
sipsbot's, 4
fuckin, 4
ooo, 4
crocodiles, 4
kicks, 4
mount, 4
calm, 4
merch, 4
stole, 4
doogthump, 4
dialogue, 4
lil, 4
stopped, 4
birthday, 4
bath, 4
feelsbirthdayman, 4
sips', 4
150, 4
dummy, 4
clothes, 4
cheese, 4
empty, 4
clustervision, 4
stable, 4
milkman, 4
fiddy, 4
quickest, 4
draw, 4
you'ss, 4
morgan, 4
lap, 4
stranger, 4
piss, 4
near, 4
neuhaus94, 4
325, 4
jail, 4
sheriff's, 4
nowhere, 4
stealing, 4
limpany, 4
clinton, 4
porno, 4
sorsby, 4
spoilers, 4
lad, 4
dare, 4
teach, 4
uncle, 4
dreadful, 4
fishy, 4
dalek_jr, 4
xain666, 4
older, 4
sean, 4
robot, 4
heads, 4
ujs3, 4
32, 4
irish, 4
forsenposture1, 4
unplayable, 4
pu55y, 4
hidden, 4
kingdom, 4
leleleeeeee, 4
alligator, 4
theory, 4
1860s, 4
shitter, 4
wiped, 3
hitting, 3
med, 3
posse, 3
hiding, 3
fookin, 3
heart, 3
cash, 3
13, 3
loss, 3
bodies, 3
veggie, 3
akibablade, 3
youd, 3
happy, 3
thedrunkensmurf, 3
cute, 3
simon, 3
creatine, 3
manjp, 3
duck, 3
current, 3
42ndbot, 3
benkidlove, 3
limited, 3
directly, 3
hill, 3
copy, 3
markers, 3
mini, 3
rock, 3
fell, 3
fresh, 3
bow, 3
somehow, 3
dynamic, 3
brutal, 3
sourpls, 3
oi, 3
goldfish262, 3
write, 3
according, 3
1pm, 3
angry, 3
gamers, 3
af, 3
gingers, 3
ring, 3
naughty, 3
brought, 3
worry, 3
nut, 3
horoldo, 3
quest, 3
knowing, 3
maikv010, 3
netherlands, 3
darthjord28, 3
worked, 3
sides, 3
explain, 3
luck, 3
walked, 3
scene, 3
jealous, 3
command, 3
models, 3
looool, 3
santa, 3
lotr, 3
frodo, 3
greatest, 3
leaf, 3
freak, 3
untill, 3
sturmgewehr, 3
loud, 3
gona, 3
ice, 3
genuinerng, 3
opinion, 3
allows, 3
99, 3
nikolai_von_imhof, 3
soundtrack, 3
destiny, 3
understandable, 3
plan, 3
multiple, 3
keybinds, 3
consider, 3
loads, 3
hopefully, 3
ctrl, 3
morgaln, 3
serious, 3
member, 3
thru, 3
brighter, 3
hp, 3
flag, 3
frames, 3
echo, 3
cohhfeels, 3
push, 3
overkills, 3
p2w, 3
asking, 3
parts, 3
mentioned, 3
windows, 3
realistic, 3
series, 3
revived, 3
floating, 3
^, 3
ugly, 3
5ilverback_, 3
ofc, 3
fat, 3
cock, 3
2080, 3
pistols, 3
pleb, 3
lvviper, 3
someones, 3
downloaded, 3
numbers, 3
duel, 3
chill, 3
where's, 3
chidorin, 3
nazis, 3
ads, 3
kamakazi010654, 3
textures, 3
due, 3
typical, 3
sight, 3
keepo, 3
including, 3
fake, 3
score, 3
releasing, 3
arm, 3
paypal, 3
massive, 3
pliny_, 3
rare, 3
grill, 3
peebrolul, 3
kaliver84, 3
tune, 3
bags, 3
web, 3
nasty, 3
rusty, 3
cut, 3
books, 3
humans, 3
sexy, 3
kit, 3
expected, 3
chris', 3
sacriel42, 3
hitchhiker's, 3
galaxy, 3
chose, 3
ourselves, 3
itself, 3
everybody, 3
offended, 3
commander, 3
gewehr, 3
circle, 3
youve, 3
lackluster, 3
joking, 3
ammunition, 3
we'll, 3
official, 3
14th, 3
blessrng, 3
ended, 3
olems10, 3
17, 3
missing, 3
stomach, 3
turtle, 3
misleading, 3
tin, 3
risk, 3
ahhh, 3
tonne, 3
stealth, 3
graphical, 3
owned, 3
pappa_squat, 3
tanker, 3
headshots, 3
upgrades, 3
crying, 3
turkey, 3
toast, 3
aottospeanuts, 3
particularly, 3
mm, 3
honestly, 3
complain, 3
weak, 3
fool, 3
bugged, 3
cam, 3
fires, 3
variant, 3
prob, 3
stopping, 3
shoots, 3
t, 3
living, 3
home, 3
drive, 3
pigl33t, 3
walls, 3
krustyoldgamer, 3
disappointing, 3
norway, 3
cares, 3
hank_gpg, 3
awwww, 3
crashed, 3
f4, 3
roater, 3
41, 3
pushed, 3
we've, 3
wondering, 3
powerupl, 3
powerupr, 3
sarcasm, 3
exczist, 3
value, 3
via, 3
pushing, 3
pizza, 3
faction, 3
toss, 3
facecam, 3
tweaked, 3
reasons, 3
stack, 3
picture, 3
wallet, 3
lemon, 3
guessing, 3
bttv, 3
followed, 3
ronssoni, 3
lanced89, 3
bo4, 3
crocodile, 3
else's, 3
decide, 3
yourselves, 3
females, 3
model, 3
primer, 3
cresnik93, 3
surprise, 3
ops, 3
flank, 3
mkrar, 3
minimum, 3
charlie_is_my_dog, 3
recording, 3
bud, 3
iwasinverted, 3
shitty, 3
politics, 3
southernrebel88, 3
threw, 3
rubber, 3
kidding, 3
ristiupoogers, 3
spitfire, 3
sometinspecial, 3
muckeastwood, 3
loaded, 3
correctly, 3
sells, 3
technically, 3
399, 3
thanumfeelswar, 3
dogface, 3
hoth, 3
rag, 3
noo, 3
attempt, 3
ditch, 3
submachine, 3
accurate, 3
space, 3
fighter, 3
evolved, 3
famous, 3
emu, 3
flanking, 3
puts, 3
flat, 3
pilots, 3
icon, 3
seeing, 3
film, 3
keeps, 3
sunny, 3
yo, 3
perks, 3
forced, 3
squads, 3
code, 3
weekly, 3
bigtiddybawls, 3
differences, 3
madtown_maverick, 3
gap, 3
clan, 3
tail, 3
base, 3
spent, 3
anticheat, 3
probs, 3
acces, 3
slow, 3
hobo, 3
wing, 3
comparison, 3
herar, 3
launched, 3
hole, 3
cliff, 3
aa, 3
wat, 3
b2, 3
riot, 3
timberman, 3
hot, 3
awful, 3
throwing, 3
pownydrive, 3
arrayarc, 3
market, 3
moments, 3
gross, 3
rifles, 3
bombs, 3
250, 3
pebzi, 3
sacdrive, 3
tommorow, 3
orgin, 3
foliage, 3
smoke, 3
skruff94, 3
france, 3
noise, 3
pronounce, 3
bored, 3
shouldn't, 3
pack, 3
holding, 3
piece, 3
starcell1983, 3
trouble, 3
ralpherz, 3
named, 3
capped, 3
deserved, 3
felt, 3
danyes, 3
green, 3
trolls, 3
ethang45, 3
roovv, 3
silver_snooz, 3
bite, 3
shouting, 3
rooisee, 3
towards, 3
bunker, 3
mill, 3
fambaa, 3
outline, 3
pass, 3
fits, 3
shtoorm, 3
translate, 3
tries, 3
match, 3
bucket, 3
stats, 3
wall, 3
powerful, 3
hilarious, 3
teams, 3
s0journer, 3
brs, 3
breaks, 3
aww, 3
bush, 3
shellshock012, 3
trust, 3
bluefox805, 3
mess, 3
negative, 3
public, 3
hardco7hlhi, 3
ist, 3
zwei, 3
promise, 3
fart, 3
expecting, 3
flogginggreyhome, 3
realised, 3
bf1942, 3
era, 3
shaddydashadow, 3
favourite, 3
liberties, 3
mention, 3
incel, 3
carbine, 3
corner, 3
videos, 3
picked, 3
duty, 3
shits, 3
received, 3
typing, 3
73, 3
stingersr, 3
science, 3
swim, 3
hailkingmathias, 3
born, 3
rooc, 3
bat, 3
sharra, 3
human, 3
forwearelegion, 3
pyskiper, 3
broke, 3
killerkadoffel, 3
bloodba7h, 3
cookii, 3
j0shy___, 3
mysfitt, 3
mhxgod, 3
lumpenrorsarch, 3
daesad, 3
bazooka, 3
daeree, 3
loved, 3
sypherfeels, 3
it'll, 3
thesunabsolute, 3
secret, 3
r4dm4ng, 3
daecmere, 3
sack, 3
challenge, 3
highest, 3
mame3909, 3
cease_to_exist, 3
ze, 3
licensed, 3
useless, 3
sypherbeg, 3
schnugglz, 3
plenty, 3
gift, 3
idiot, 3
c4, 3
sidjames6789, 3
somewhere, 3
gottem, 3
22, 3
sandown2_0, 3
eww, 3
ryan, 3
lonigus, 3
son, 3
hasn't, 3
so_kudos, 3
wide, 3
ragnar, 3
defender, 3
happend, 3
sees, 3
beauty, 3
morjing, 3
soozelove, 3
outfit, 3
mod, 3
wheel, 3
ideas, 3
reckon, 3
slowly, 3
deaf, 3
wee, 3
sipsgonk2, 3
pays, 3
sipssoon, 3
backwards, 3
dime, 3
sipsjeez, 3
decks, 3
trip, 3
fett, 3
jango, 3
surely, 3
wapcpoop, 3
repeater, 3
combo, 3
printing, 3
mrtinydeck69, 3
naomigcactus, 3
caught, 3
jam, 3
leg, 3
tie, 3
entrance, 3
abnned, 3
salted, 3
peta, 3
ban, 3
sipsfeels, 3
yap, 3
theft, 3
quiet, 3
shaggy, 3
defense, 3
honour, 3
prison, 3
fill, 3
justice, 3
robbed, 3
bandana, 3
levodoom, 3
sheriffs, 3
theelholm, 3
study, 3
r3, 3
lollynl, 3
subscribing, 3
emoticons, 3
bypasses, 3
slowmode, 3
puss, 3
-d, 3
scoop, 3
border, 3
collie, 3
sipsblind, 3
wowee, 3
johnny, 3
six-shooter, 3
playin', 3
yee-haww, 3
carts, 3
breaking, 3
krakkan83, 3
strikes, 3
recognise, 3
tracks, 3
sake, 3
casually, 3
tent, 3
non, 3
monkahmm, 3
surothedeath, 3
46, 3
toy, 3
tool, 3
35, 3
cruelty, 3
pressing, 3
triangle, 3
outlaw, 3
blame, 3
masks, 3
recognize, 3
pjsalt, 3
antagonize, 3
outta, 3
sipswatcher123, 3
cheered, 3
missyxecute, 3
bars, 3
juicy_bits, 3
5000, 3
became, 3
oni, 3
9000, 3
springfield, 3
chewing, 3
chorse, 3
fishin, 3
fbi, 3
rdr1, 3
allowed, 3
tip, 3
yank, 3
flower, 3
jess, 3
hungry, 3
tugging, 3
fishmoley, 3
pinkertons, 3
smell, 3
38, 3
younger, 3
necklace, 3
artafki, 3
ledgendary, 3
waypoints, 3
nvm, 3
despacito, 3
min, 3
ickyvicky95, 3
amandala20, 3
438, 3
plippette, 3
asgubot, 3
reeko44310, 3
thefirebug72, 3
wojoh89, 3
nap, 3
brownwut, 3
popular, 3
chaobaozi, 3
carbsta, 3
koncha, 3
mcgregor, 3
charms, 3
fed, 3
becjbus, 3
crocs, 3
saint, 3
heron, 3
xposedsubez, 3
insects, 3
millions, 3
burned, 3
fought, 3
usa, 3
united, 3
britain, 3
medievil, 3
dragons, 3
buys, 3
mr_kanko, 3
ready_af, 2
marker, 2
woods, 2
witcher, 2
berries, 2
mulberries, 2
moose, 2
endgame, 2
literately, 2
ages, 2
trapper, 2
total, 2
sacaim, 2
committed, 2
reports, 2
afternoon, 2
ruins, 2
mountains, 2
bushes, 2
tough, 2
wildlife, 2
nutrients, 2
theodore, 2
vegan, 2
compete, 2
levels, 2
disadvantage, 2
vitamin, 2
b12, 2
plant, 2
pop, 2
deadeye, 2
verdict, 2
forms, 2
suggest, 2
allergic, 2
ptsd, 2
source, 2
likewise, 2
location, 2
research, 2
grow, 2
incase, 2
rope, 2
slack, 2
loose, 2
buck, 2
depends, 2
jacket, 2
lookin, 2
tutorial, 2
karen, 2
diddling, 2
forehead, 2
fella, 2
king, 2
javier, 2
background, 2
lemme, 2
confused, 2
beeeep, 2
soul, 2
8th, 2
ahhhh, 2
downgraded, 2
front, 2
tents, 2
sleeping, 2
attend, 2
mines, 2
increase, 2
jaaackla, 2
ww3, 2
yr, 2
attention, 2
playthrough, 2
filter, 2
convinced, 2
fifa, 2
ol, 2
revealed, 2
bobby, 2
crabtastichole, 2
noobs, 2
sacbaba, 2
installed, 2
triggered, 2
b4, 2
eta, 2
1400, 2
cet, 2
w, 2
brkpog, 2
char, 2
texture, 2
wizard, 2
nor, 2
quickly, 2
hobbits, 2
legend, 2
staying, 2
ahead, 2
bs, 2
titanic, 2
flute, 2
spots, 2
nerepla350, 2
spelled, 2
mood, 2
hans, 2
swear, 2
blew, 2
resist, 2
sticks, 2
rough, 2
yh, 2
shroud, 2
confirm, 2
1499, 2
yoou, 2
msdemeanour, 2
headset, 2
sec, 2
jsut, 2
list, 2
employee, 2
likely, 2
echoy, 2
none, 2
display, 2
fellow, 2
starts, 2
1d, 2
elaborate, 2
plebs, 2
swiftsmart, 2
turret, 2
launcher, 2
patches, 2
kcgdakka, 2
bfbc2, 2
couple, 2
shout, 2
monitor, 2
fov, 2
tempted, 2
hugh, 2
cod4, 2
wound, 2
everytime, 2
savage, 2
doctor, 2
jus, 2
stood, 2
battlefront, 2
underwater, 2
qi, 2
healing, 2
filled, 2
topguyz, 2
frame, 2
improve, 2
gunner, 2
battalion, 2
nazi, 2
rule, 2
fellas, 2
computer, 2
hooey91, 2
reading, 2
chief, 2
media, 2
-, 2
sens, 2
spends, 2
hundreds, 2
carried, 2
yourboyrocket, 2
clear, 2
t_pocalypse, 2
scuffed, 2
laughing, 2
lazylad90, 2
sp00kyp0ltergeist, 2
isent, 2
marcusgosling, 2
optimized, 2
panzerfaust, 2
pls_hugme, 2
amen, 2
website, 2
al, 2
samdasam, 2
sister, 2
consoles, 2
tied, 2
gtx, 2
1070, 2
ryzen, 2
1700x, 2
coop, 2
showed, 2
truck, 2
lowfade, 2
codex008, 2
diffrent, 2
bugger, 2
blows, 2
yah, 2
flair, 2
soo, 2
aids, 2
wiat, 2
major, 2
mattered, 2
potato, 2
hardline, 2
iirc, 2
covering, 2
1080, 2
spamming, 2
arnoldthehobbit, 2
volksturmgewehr, 2
ad, 2
grills, 2
bonuses, 2
cosmetics, 2
dendiface, 2
uhhhh, 2
canon, 2
tearing, 2
music's, 2
camo, 2
genre, 2
breakfast, 2
material, 2
sauron, 2
nothin, 2
eu, 2
january, 2
ot, 2
assets, 2
goggles, 2
uniforms, 2
skins, 2
toxic, 2
faces, 2
facial, 2
hair, 2
gachibass, 2
tracer, 2
technology, 2
send, 2
yager, 2
likes, 2
mediocre, 2
gain, 2
nowadays, 2
static_constipation, 2
cjfowler1976, 2
ff, 2
ninjaawave, 2
customize, 2
conquest, 2
fair, 2
remind, 2
merathos, 2
euros, 2
lord_lobster, 2
load, 2
stands, 2
gangster, 2
characters, 2
torso, 2
invisible, 2
connection, 2
8bit_ch, 2
meaning, 2
cromwell, 2
dbearit, 2
antzee, 2
90, 2
buildings, 2
misterpino, 2
chipsnap, 2
setup, 2
metzman_nl, 2
kar98, 2
anti-infantry, 2
armor, 2
unreal, 2
crew, 2
womans, 2
weekend, 2
bike, 2
blasted, 2
wasted, 2
coax, 2
core, 2
caffie_, 2
wake, 2
third, 2
rearm, 2
anthony10002, 2
forsenomega, 2
band, 2
brothers, 2
het, 2
l, 2
large, 2
trash, 2
complete, 2
metal, 2
downloads, 2
tank's, 2
types, 2
aux, 2
absolute, 2
youll, 2
cheesy, 2
splash, 2
fack, 2
dear, 2
phones, 2
logic, 2
ello, 2
reality, 2
timps, 2
anybody, 2
decrease, 2
rof, 2
cynicalaward, 2
werent, 2
goddamn, 2
weren't, 2
firing, 2
goty, 2
101, 2
forsendeer, 2
binding, 2
hodl, 2
buggy, 2
companies, 2
race, 2
1s, 2
tickets, 2
bind, 2
feelspumpkinman, 2
encountered, 2
prerelease, 2
theyll, 2
tweeted, 2
caused, 2
kingsmen, 2
sarcastic, 2
satisfying, 2
item, 2
bullshit, 2
stops, 2
persons, 2
ew, 2
mesh, 2
onto, 2
gangusthemighty, 2
unfair, 2
hatefuldread, 2
28k, 2
marksman, 2
besides, 2
xjumb0, 2
ma, 2
possibility, 2
oo_oo, 2
they'd, 2
guff, 2
theyve, 2
tradition, 2
shiney, 2
improvements, 2
ey, 2
chick, 2
lines, 2
aimbot, 2
merff, 2
abacuz08, 2
acexray, 2
places, 2
steep, 2
hugh_reskume, 2
shifty92_, 2
gb, 2
men, 2
teaming, 2
particular, 2
mhm, 2
followage, 2
angelgiven, 2
illumination_tv, 2
kybern1, 2
xyphrtv, 2
legit, 2
decade, 2
fave, 2
pre-ordered, 2
markash3r, 2
i_awp, 2
step, 2
ohw, 2
factions, 2
cucked, 2
ten, 2
29, 2
12days, 2
ham, 2
whale, 2
ohhhh, 2
sleipnyr, 2
swimming, 2
joining, 2
continue, 2
feedback, 2
pre-release, 2
lads, 2
meet, 2
frozzencoffee, 2
snapper258, 2
buddy, 2
exact, 2
stalker2400, 2
dramatic, 2
triple, 2
promising, 2
below, 2
indeed, 2
sacriels, 2
opened, 2
void, 2
roll, 2
multi, 2
__, 2
stuka, 2
technicalities, 2
cohhgg, 2
o7, 2
abomination, 2
cheer100, 2
pump, 2
crates, 2
challenges, 2
norwegian, 2
wot, 2
fan, 2
1945, 2
nicht, 2
talks, 2
reskin, 2
chokepoint, 2
doll, 2
henley, 2
development, 2
inc, 2
repairing, 2
lowkey, 2
airplane, 2
aircraft, 2
signal, 2
extremely, 2
landing, 2
timplove, 2
elegiggle, 2
countries, 2
charge, 2
interest, 2
re, 2
stuttering, 2
telling, 2
mechavelli, 2
poopy, 2
subbed, 2
variety, 2
sitting, 2
season, 2
tater, 2
seemed, 2
misery, 2
battleroyale, 2
timing, 2
forsensheffy, 2
bang, 2
manga, 2
sust1200, 2
emil, 2
1944, 2
paratroopers, 2
sets, 2
bonus, 2
specific, 2
dope, 2
reset, 2
codes, 2
jackfrags, 2
dora, 2
cynicaldoge, 2
swedish, 2
marketing, 2
announced, 2
people's, 2
yellow, 2
reduces, 2
slower, 2
gear, 2
actualy, 2
paced, 2
cannons, 2
survive, 2
dans, 2
infinite, 2
pig, 2
hardcore, 2
wht's, 2
suppression, 2
beeing, 2
supressed, 2
mid, 2
lost_haven, 2
ricochet, 2
useful, 2
suffer, 2
bailiff3205, 2
grand_admiral_thrawn, 2
flame, 2
taters, 2
shiz, 2
cross, 2
sushigratis, 2
hunter111000, 2
game's, 2
croc, 2
sacrekt, 2
hipfire, 2
smgs, 2
garden, 2
walks, 2
loop, 2
nlozar22, 2
choice, 2
cough, 2
park, 2
translation, 2
keeping, 2
jeffen, 2
dr_octet, 2
bc, 2
leg3nddk, 2
dirt, 2
mah, 2
nojo, 2
srslyomgwtf, 2
tells, 2
sanitet, 2
spammed, 2
hectique, 2
nailed, 2
alasrip, 2
blackout, 2
1murks, 2
bleeding, 2
language, 2
strm, 2
friday, 2
cheaper, 2
overall, 2
gr3y5had0w, 2
smg's, 2
desert, 2
planning, 2
triplew, 2
grenade, 2
sgt_beefart, 2
redeploy, 2
bf's, 2
pistol, 2
listen, 2
doinworksonn, 2
builds, 2
danuh, 2
ouch, 2
pat, 2
raytracing, 2
suited, 2
hated, 2
nearby, 2
deleted, 2
soderhoolm, 2
raretrumpepe, 2
roguevariant, 2
beach, 2
bulge, 2
stalingrad, 2
fiskun, 2
perry_the_pleb, 2
classy, 2
awkward, 2
chronologically, 2
lmgs, 2
dday, 2
board, 2
vietnam, 2
msg, 2
fixed, 2
dadouls, 2
accuracy, 2
plus, 2
yorkshiregold, 2
target, 2
matches, 2
dots, 2
somone, 2
tiredllama, 2
ref, 2
sizes, 2
shooter, 2
commands, 2
simple, 2
stoorm, 2
kept, 2
art, 2
summon, 2
shturmtiga, 2
oo, 2
toon, 2
thedonuttman, 2
spikewinstv, 2
yell, 2
thonk, 2
smoketvl, 2
kuuuuuurt, 2
tkanhai, 2
krt, 2
seqlul, 2
hallo, 2
adrianbrown, 2
wallytreats, 2
mulface, 2
lirikthink, 2
predict, 2
swap, 2
biker, 2
choose, 2
changing, 2
solution, 2
noice, 2
envy_z, 2
relaunch, 2
existing, 2
stays, 2
trials, 2
strike, 2
mercy, 2
johnw864, 2
car-bean, 2
letting, 2
lacks, 2
should've, 2
parachute, 2
pay2win, 2
screaming, 2
steppenwolf549, 2
mistake, 2
ionone, 2
americans, 2
snake, 2
fancy, 2
communication, 2
fans, 2
ponssek, 2
m1a1, 2
hasnt, 2
helfen, 2
kazoo, 2
stew, 2
vicious_dude, 2
ta, 2
wth, 2
gj, 2
preset, 2
leaders, 2
maa, 2
preach, 2
drinks, 2
role, 2
viddy, 2
sensitive, 2
cod2, 2
darkpuppet97, 2
62, 2
lag, 2
disagree, 2
immediately, 2
lo, 2
skipping, 2
involvement, 2
lspn, 2
boycotting, 2
practice, 2
kobbz, 2
dies, 2
shiny, 2
jumping, 2
lives, 2
initial, 2
invested, 2
selling, 2
decision, 2
entries, 2
shiva482, 2
enemies, 2
mechanics, 2
timeline, 2
he'd, 2
lightsouttxx, 2
progressing, 2
ramen, 2
realize, 2
ladies, 2
smh, 2
tight, 2
assholes, 2
heaven, 2
several, 2
unlike, 2
file, 2
thoughts, 2
gefahr, 2
agreed, 2
prbster, 2
capture, 2
event, 2
mikkofin87, 2
phone, 2
generalmooseyt, 2
purchase, 2
hexof, 2
carries, 2
position, 2
bahoney, 2
carrying, 2
original, 2
unlimited, 2
veetux, 2
gamr, 2
10hr, 2
personally, 2
ooh, 2
attach, 2
farted, 2
dickhead, 2
smo0kyjoe, 2
backed, 2
offline, 2
paul8700, 2
fav, 2
85, 2
tick, 2
norlatch, 2
annes, 2
sacgw, 2
russians, 2
bb, 2
runs, 2
paris, 2
titles, 2
midreas, 2
difficulty, 2
one's, 2
zomg313, 2
dusty_cape, 2
marvellous_potato, 2
blops4, 2
piggy0713, 2
gifts, 2
blufenix11, 2
colorful, 2
xelipsis, 2
bumped, 2
thetommystick, 2
def, 2
recoil, 2
babidibo, 2
primedtnt, 2
mokkthugo, 2
bias95, 2
bloodlordzh, 2
barack_obama1906, 2
valuable, 2
3d, 2
kieneticeffect, 2
liberationbear, 2
brkwj, 2
sachype, 2
lothbrok, 2
snakes, 2
planet, 2
dancing, 2
carcass, 2
2pinttimmy, 2
nubbings, 2
rubbing, 2
adds, 2
shoes, 2
graduated, 2
shetland, 2
shitlord, 2
lewis, 2
trails, 2
hifiguitarguy, 2
zoey, 2
stranglethroat, 2
upon, 2
killin, 2
alone, 2
yip, 2
massacre, 2
family, 2
bumper, 2
wheels, 2
smoking, 2
chased, 2
square, 2
nighty, 2
pipes, 2
ghost, 2
twenty, 2
arabian, 2
mister, 2
saloon, 2
lying, 2
gosh, 2
darn, 2
city, 2
sipsrip, 2
ezzdogga, 2
notdurft, 2
dam, 2
buckaroos, 2
mother, 2
mattresses, 2
poisonous, 2
mattress, 2
cumberland, 2
spoil, 2
films, 2
cigars, 2
django, 2
usd, 2
di, 2
licker, 2
thelastdesperado, 2
lore, 2
rabbit, 2
hookers, 2
blackjack, 2
absolutely, 2
ancient, 2
shaft, 2
troll, 2
hats, 2
identity, 2
pile, 2
ladder, 2
damnit, 2
tonight, 2
miracle, 2
danglers, 2
spawnsalot, 2
officer, 2
feller, 2
reverse, 2
1935, 2
-that-, 2
rider, 2
notification, 2
busy, 2
rabbits, 2
huntin, 2
soothing, 2
l3, 2
bones, 2
ricky, 2
dicky, 2
bonding, 2
hahahahaa, 2
remembers, 2
captured, 2
neck, 2
drag, 2
flames, 2
pork, 2
burn, 2
excuse, 2
acceptable, 2
violence, 2
illness, 2
weee, 2
sexist, 2
except, 2
bag, 2
shuts, 2
stars, 2
moon2h, 2
crendor, 2
sip, 2
decker, 2
slaps, 2
careful, 2
court, 2
mud, 2
dangling, 2
dangus, 2
comment, 2
infamous, 2
jess', 2
pretend, 2
spoke, 2
deserve, 2
doctors, 2
local, 2
forest, 2
alert, 2
cctv, 2
baiting, 2
crendornotlikethis, 2
appearance, 2
dewz13, 2
chestnutalmond8, 2
eagle, 2
fucked, 2
sleepydude1, 2
north, 2
vape, 2
mix, 2
smart, 2
chris_p_bacon_69, 2
leak, 2
forgive, 2
tha, 2
scare, 2
doenst, 2
shove, 2
reference, 2
stone, 2
aaaaaaaa, 2
waggon, 2
dakotaz, 2
scratch, 2
twist, 2
murders, 2
hanging, 2
clouseau, 2
fam, 2
sipsconet, 2
ends, 2
looted, 2
carriage, 2
toot, 2
6000, 2
tts, 2
mrs_pepper, 2
cuttingwillows, 2
stagecoaches, 2
snes, 2
evil, 2
deep, 2
feminists, 2
hunts, 2
dangerous, 2
spoiler, 2
moon2sh, 2
hip, 2
handle, 2
thesteelrodent, 2
trophy, 2
hearthyr, 2
handu, 2
donating, 2
grooming, 2
moneysink, 2
camps, 2
travelling, 2
remain, 2
reviving, 2
attacking, 2
lel, 2
horrible, 2
kicker, 2
nearest, 2
lawman, 2
escalate, 2
targeting, 2
automatically, 2
committing, 2
clink, 2
tho', 2
frankerz, 2
geez, 2
kickable, 2
easily, 2
missions, 2
27, 2
lawmen, 2
violent, 2
-why, 2
lester, 2
drawers, 2
effin, 2
antagonise, 2
mat_tea, 2
hates, 2
dildo, 2
desk, 2
considering, 2
liteblub, 2
tickle, 2
ore, 2
nae, 2
gods, 2
nugget, 2
mum, 2
stimulant, 2
lies, 2
species5618beta, 2
italian, 2
hehe, 2
arse, 2
cellar, 2
discription, 2
goldbar, 2
kebab, 2
speaking, 2
reminder, 2
miles, 2
shoe, 2
nos, 2
hahahaha, 2
trade, 2
servicing, 2
wong, 2
proved, 2
maxmesss, 2
banter, 2
hahaa, 2
squid2, 2
gonn, 2
zoeyfish, 2
becomes, 2
doogbaby, 2
hog, 2
adult, 2
creepy, 2
teeth, 2
ewww, 2
aw, 2
shootout, 2
voiceacting, 2
cancer, 2
porn, 2
period, 2
swing, 2
crack, 2
nibbling, 2
cayldar, 2
ynak, 2
society, 2
ic, 2
residentsleeper, 2
gonne, 2
tobacco, 2
act, 2
example, 2
eaten, 2
harpoon, 2
catching, 2
seduced, 2
prick, 2
meets, 2
fishes, 2
pee, 2
hatfilms, 2
hornby, 2
manflu, 2
punchline, 2
slimelung, 2
shirts, 2
comedy, 2
ausafsaleem, 2
perfectly, 2
volume, 2
candy, 2
losbutcher, 2
pardner, 2
angle, 2
sips_horse, 2
warn, 2
horsy, 2
punched, 2
cocono, 2
dropping, 2
4chan, 2
boah, 2
sirtremain, 2
st, 2
69, 2
track, 2
pumping, 2
387, 2
taste, 2
bbobbss, 2
todau, 2
anaconnootnoot, 2
meep, 2
no-one, 2
hop, 2
workout, 2
406, 2
393, 2
spicy, 2
cactii, 2
conor, 2
leprechaun, 2
lazy, 2
chamrs, 2
haj_, 2
2099, 2
spooky, 2
brakes, 2
werewolves, 2
feminist, 2
beating, 2
cent, 2
platform, 2
sjw, 2
downplay, 2
forgotten, 2
abuse, 2
pcvxd, 2
wooo, 2
political, 2
creature, 2
ripping, 2
donavanbadboy, 2
dispern, 2
dennis, 2
noooooo, 2
massage, 2
hourse, 2
backseating, 2
playboy, 2
sword, 2
sapping, 2
creed, 2
rpg, 2
elements, 2
saddle, 2
alligators, 2
bostongam, 2
lizards, 2
citation, 2
dumfist, 2
lungs, 2
revolutionary, 2
canadians, 2
whitehouse, 2
canadian, 2
flavor, 2
tubit, 2
prefer, 2
e_a912, 2
candle, 2
banana, 2
vulpes, 2
folklore, 2
prisoner, 2
grain, 2
76, 2
ppfilbert, 1
generic, 1
npc, 1
boooy, 1
robinrobinn, 1
wroong, 1
further, 1
booked, 1
christmas, 1
lever, 1
actions, 1
chuck, 1
nomicakes, 1
halle, 1
160, 1
beriberi, 1
get'em, 1
legolas, 1
autoaim, 1
tracked, 1
utmost, 1
ferryman, 1
deckeyon, 1
condition, 1
rospise_tr, 1
ruin, 1
deny, 1
visited, 1
revolver, 1
holes, 1
dishonorable, 1
receive, 1
discount, 1
rips, 1
stems, 1
edges, 1
cliffs, 1
310, 1
yuma, 1
vegans, 1
vegetarians, 1
disadvantaged, 1
workingstudying, 1
henriqueweiler, 1
consume, 1
poultry, 1
sexual, 1
preferences, 1
marrow, 1
chipmunk, 1
ufc, 1
fighters, 1
sportsmen, 1
valtieldev, 1
snap, 1
quuerty, 1
avatar_eu, 1
ellod1, 1
ellod2, 1
inevitablechoice, 1
carnosine, 1
cholecalciferol, 1
docosahexaenoic, 1
acid, 1
heme-iron, 1
taurine, 1
essential, 1
athlete, 1
nutrition, 1
listed, 1
responsible, 1
'advantage', 1
charging, 1
shotguns, 1
yooo, 1
tastyheroicapple, 1
contains, 1
clopping, 1
referring, 1
announcing, 1
insurance, 1
perform, 1
hola, 1
huntin', 1
intersted, 1
sheep, 1
bolt-action, 1
ninja, 1
escape, 1
dynanic, 1
no-kill, 1
terrencebx, 1
required, 1
lewd, 1
diddle-diddle-diddle, 1
drunkard, 1
yeeeeeeeeehaaaaaa, 1
interupt, 1
wel-placed, 1
joine, 1
din, 1
beeeeeep, 1
diddle, 1
pepepls, 1
kabooooooom, 1
uhoh, 1
dosent, 1
offensive, 1
diddle-diddle, 1
drunk, 1
speech, 1
flex, 1
dancefloor, 1
floss, 1
gmt, 1
womanizer, 1
crotch, 1
repetitive, 1
jeremiahshearar, 1
sying, 1
occurrence, 1
lasts, 1
clicksnbangs, 1
getr, 1
defo, 1
'today, 1
day', 1
reloaded, 1
coucou, 1
marion, 1
bleedpurple, 1
4pm, 1
yikers, 1
comfy, 1
ring-dang-do, 1
trusted, 1
kingkakarot, 1
beeping, 1
fiance, 1
aliens, 1
fiancee, 1
dolt, 1
ooooo, 1
sacx, 1
strangled, 1
harboring, 1
incarcerating, 1
unlocked', 1
flaming, 1
arrow, 1
progresses, 1
pseudo, 1
laughs, 1
preloaded, 1
jaackla, 1
a's, 1
hadn't, 1
worried, 1
gears, 1
onky, 1
limit, 1
seandoran19, 1
warhas, 1
preload, 1
yay, 1
familiar, 1
magneto, 1
tks, 1
kingsman, 1
grimmleader12, 1
merlin, 1
cohhh, 1
bankers, 1
financed, 1
maximize, 1
profits, 1
tissues, 1
tge, 1
cinematics, 1
cohh, 1
jaeger, 1
griffzero, 1
thrown, 1
babayaga, 1
bobbyjaeger, 1
bogeyman, 1
russian, 1
0mgnonames, 1
pwn, 1
thedee05, 1
multyplayer, 1
helsing, 1
regret, 1
explaining, 1
yega, 1
cottage, 1
customise, 1
dalek, 1
wan't, 1
poggles, 1
micro-transaction, 1
wirblewind, 1
customisation, 1
brkgood, 1
competition, 1
fashion, 1
shire, 1
saclore, 1
baggins, 1
arrives, 1
precisely, 1
fashionfield, 1
impressed, 1
escalated, 1
tellinglulz, 1
longbottom, 1
bend, 1
omng, 1
1-5, 1
influencers, 1
gutted, 1
specializations, 1
narutomusik, 1
cube, 1
tolkein, 1
dimension, 1
untermench, 1
buster, 1
bixoryte, 1
'mucas', 1
cokyasa, 1
baomn, 1
reaction, 1
anlad, 1
uan, 1
lkaslkda, 1
burkecry, 1
curse, 1
comming, 1
youy, 1
10-hours, 1
turkish, 1
tfw, 1
defaults, 1
enables, 1
mischiefbear, 1
toggle, 1
steady, 1
owning, 1
cohhm, 1
alergic, 1
zimmer, 1
scenes, 1
slave, 1
avaiablabe, 1
mownarn, 1
interested, 1
battlenet, 1
price, 1
1511, 1
whisperme, 1
origine, 1
rdgf, 1
keybind, 1
911, 1
seqrage, 1
ordering, 1
calibrate, 1
thumb, 1
queue, 1
subgames, 1
sponsoring, 1
91520, 1
depending, 1
lirikangry, 1
kongpan, 1
moji, 1
gfv, 1
concern, 1
stodehtv, 1
goooo, 1
rotterdamn, 1
hometown, 1
exciting, 1
gooo, 1
gogo, 1
powerrangers, 1
alreadys, 1
witchcraft, 1
mr_danktastic, 1
bleedout, 1
icons, 1
intor, 1
lighting, 1
dev's, 1
suboptimal, 1
datsheffy, 1
individual, 1
swirling, 1
kiwogarr, 1
requires, 1
additional, 1
palm, 1
burkesalute, 1
kkensalute, 1
cohh7, 1
nononono, 1
danhmm, 1
gorrudn, 1
refreshed, 1
smoothstone, 1
tiers, 1
radwimp, 1
thunderstickenchicken, 1
ayyy, 1
canuck, 1
echoey, 1
describe, 1
hiiii, 1
cars, 1
bent, 1
killerx09, 1
lightpole, 1
joemountain, 1
por, 1
favor, 1
normal's, 1
ikr, 1
coy, 1
pretendign, 1
normals, 1
appeared, 1
strictlycannabis, 1
hoped, 1
powah, 1
swild, 1
kcghappy, 1
kcgbolter, 1
sakes, 1
questions, 1
debris, 1
champ, 1
sovietude, 1
hyppeeeeeeee, 1
uhm, 1
titanium, 1
helmet, 1
supported, 1
final, 1
quore, 1
quoee, 1
pot, 1
yuk, 1
bnetter, 1
embarrassed, 1
hoax, 1
perfoverlay, 1
drawfps, 1
require, 1
preview, 1
sings, 1
hick, 1
ups, 1
zemotehello, 1
brohug, 1
defeats, 1
cleanershinier, 1
blinking, 1
nicked, 1
medical, 1
term, 1
magicx, 1
wetlul, 1
mrmuchomachoman, 1
dr, 1
md, 1
obese, 1
mirical, 1
kidney, 1
episode, 1
offscreen, 1
kissing, 1
aspects, 1
definitly, 1
privilege, 1
helping, 1
inner, 1
transfer, 1
chinese, 1
arts, 1
mtx, 1
cosmetic, 1
prmier, 1
peebrojfc, 1
roadfam, 1
stinky, 1
seqthink, 1
canals, 1
beenplaying, 1
bordeless, 1
brownits, 1
consensus, 1
thursday, 1
trannnnny, 1
uggh, 1
feelsbadmann, 1
crxckz, 1
soft, 1
upgraded, 1
restriction, 1
sac2, 1
deviation, 1
hnnnggggg, 1
hereeeeeee, 1
remote, 1
detonator, 1
960, 1
employees, 1
lanceunderpants, 1
bloom, 1
avaliabe, 1
grande, 1
uadict, 1
withbots, 1
drunkentonberry, 1
disabled, 1
morbidol, 1
1938-1939, 1
starmon8472, 1
batlefield, 1
mmgs, 1
3rd, 1
lgbt, 1
overthrew, 1
germany, 1
plugged, 1
spins, 1
borderless, 1
burregg, 1
releasefeelsbadman, 1
noonly, 1
sensitivity, 1
extensive, 1
muddy, 1
accel, 1
t_, 1
savia_, 1
charged, 1
weaksauce, 1
toonbuck, 1
peripherals, 1
suggestions, 1
mechanical, 1
embarassing, 1
shadows, 1
refund, 1
confirming, 1
tarkov's, 1
squid1oscar, 1
05, 1
bbf, 1
creators, 1
komrad83, 1
annouced, 1
galleh, 1
disposable, 1
reloading, 1
lonewolf, 1
brother, 1
charges, 1
partly, 1
eagad, 1
bombed, 1
voip, 1
30fps, 1
60fov, 1
excuses, 1
barealy, 1
parking, 1
ppax, 1
erdeanmich, 1
geezzus, 1
fkn, 1
yeap, 1
prevents, 1
magnifying, 1
prostethic, 1
claws, 1
seqwut, 1
caesartheroman, 1
terms, 1
activate, 1
coat, 1
medoum, 1
perfoverlaydrawfps, 1
coulda, 1
sun's, 1
direction, 1
glares, 1
plantj, 1
hail, 1
driling, 1
jaffa, 1
cakes, 1
gooooooood, 1
hacker, 1
barely, 1
flash, 1
hider, 1
m30, 1
underhand, 1
sinead, 1
o'connor, 1
woba10, 1
par, 1
sani-tater, 1
turbo, 1
sas, 1
operative, 1
select, 1
fallschirmjger, 1
celtic, 1
wisconsin, 1
hoser, 1
fallscrimjagger, 1
song's, 1
shire-esque, 1
sanitater, 1
18, 1
shroudy, 1
benq, 1
xl2411z, 1
144hz, 1
aha, 1
hahha, 1
goood, 1
grandfather, 1
bil, 1
boo, 1
105, 1
directors, 1
halflings, 1
sam, 1
inviting, 1
lloooooooool, 1
pickaxes, 1
goxlr, 1
firey, 1
liriklewd, 1
grey, 1
twas, 1
colour, 1
discharge, 1
'the, 1
writer', 1
acu, 1
assignment, 1
batman, 1
misunderstood, 1
rings, 1
beepbeeplmajeep, 1
rooree, 1
gooad, 1
browsers, 1
avatar, 1
stahlhelm, 1
hugo, 1
iam, 1
flieger, 1
-oo, 1
titan, 1
glance, 1
boots, 1
co, 1
peebrofbm, 1
costumize, 1
adam, 1
stanley's, 1
maniacthrillah, 1
digital, 1
blackface, 1
ooooh, 1
gunna, 1
wherr, 1
robo, 1
rayver112, 1
der_kloz, 1
seqf, 1
lcd, 1
led, 1
1080p, 1
sony, 1
theslickmeister_, 1
shaven, 1
military, 1
quicker, 1
frankly, 1
aaahhh, 1
southtexasspartan, 1
mchandlebar-moustache, 1
gameslike, 1
dazzling, 1
shrenko, 1
yesr, 1
errrrrrr, 1
excitement, 1
systems, 1
annyong, 1
menues, 1
fullscreen, 1
clicks, 1
cheesecake, 1
tat, 1
medum, 1
outsude, 1
tankok, 1
maam, 1
modes, 1
whiskeyjack86, 1
cos, 1
blowing, 1
jrpgs, 1
calpol, 1
1g, 1
poggu, 1
rottendeadite, 1
ff12, 1
suomi, 1
cookies, 1
cruw, 1
xerow54, 1
coward, 1
veteran, 1
origing, 1
belly, 1
speeds, 1
queues, 1
blacks, 1
sw, 1
kriso__, 1
misunderstand, 1
pimp, 1
woman's, 1
metro-style, 1
der, 1
gegnerische, 1
tht, 1
messing, 1
kk, 1
1080ti, 1
therre, 1
results, 1
raizlul, 1
effects, 1
cooker, 1
dron3tv, 1
switched, 1
helped, 1
lowering, 1
notes, 1
co-axial, 1
litagocrank, 1
1-pc, 1
apples, 1
dink, 1
resurge, 1
tampons, 1
bane, 1
existence, 1
boiling, 1
impatience, 1
geek_batman, 1
misterinthegame, 1
matilda, 1
greenberetjackohara, 1
gangsta, 1
teenage, 1
puberty, 1
sheet, 1
yeps, 1
exacyly, 1
mortedeangelis, 1
piercing, 1
anit-person, 1
trans, 1
no1sip, 1
57, 1
sponges, 1
almostwes, 1
downloadpage, 1
feelsbad, 1
roowut, 1
bollocks, 1
infantry-like, 1
generally, 1
personnel, 1
sarreke, 1
''people', 1
armored, 1
mortgage, 1
absurd, 1
rearming, 1
pleasant, 1
lplebator, 1
legal, 1
jargon, 1
approved, 1
kkakakkaka, 1
09, 1
anytime, 1
attaaaack, 1
apple, 1
abel, 1
mayb, 1
mounted, 1
machinegun, 1
reemmber, 1
balancing, 1
stronger, 1
leads, 1
dinner, 1
crumpets, 1
liriks, 1
26hours, 1
registry, 1
adjusting, 1
beanbags, 1
molded, 1
loaf, 1
no1feels, 1
scariels, 1
maddening, 1
addiction, 1
halt, 1
bore, 1
famulor, 1
looiks, 1
agains, 1
inf, 1
instakill, 1
pinged, 1
deadly, 1
raizc, 1
arcadey, 1
falloff, 1
whys, 1
founds, 1
40mm, 1
dansmile, 1
units, 1
pieces, 1
thinks, 1
oneshot, 1
explsion, 1
obj, 1
defective, 1
rite, 1
nerfing, 1
profit, 1
beast, 1
elses, 1
samsung, 1
hitwith, 1
54, 1
pounder, 1
doubting, 1
'ello, 1
rly, 1
bc2, 1
killfeeds, 1
fairness, 1
100s, 1
resurrecting, 1
mics, 1
dood, 1
license, 1
ton, 1
damages, 1
'don't, 1
me', 1
knifing, 1
invulnerable, 1
parked, 1
arma, 1
common, 1
pdr, 1
historial, 1
g'mornin', 1
curiouswhy, 1
ther, 1
directions, 1
officers, 1
kark98, 1
fiver, 1
resurrections, 1
fevah, 1
whamen, 1
operator, 1
panzerfausts, 1
anti-tank, 1
khanivore, 1
wolves, 1
fenrir, 1
peoples, 1
cynicalgen, 1
ignores, 1
haiiii, 1
virtue, 1
signalling, 1
wamans, 1
nathanderp, 1
glitched, 1
jeroam1, 1
rut, 1
roh, 1
altf4, 1
cohhr, 1
esport, 1
alt-tab, 1
oven, 1
task, 1
manager, 1
enter, 1
indie, 1
lady's, 1
gentlemen, 1
install, 1
ram, 1
rebound, 1
lolz, 1
e-sports, 1
slappa, 1
bass, 1
delete, 1
suspend, 1
roots, 1
routes, 1
routers, 1
magical, 1
ported, 1
intended, 1
fungineer, 1
tehre, 1
100's, 1
999, 1
esports, 1
260-200, 1
couldnt, 1
together, 1
immersive, 1
atpfeelsbeardman, 1
searching, 1
orbthonk, 1
kaiser_ttv, 1
nonsense, 1
microtransaction, 1
batchest, 1
hating, 1
majority, 1
timpsmart, 1
ohhhhh, 1
yall, 1
todays, 1
browse, 1
immortal, 1
answers, 1
insert, 1
fyi, 1
revert, 1
10kw, 1
bulbs, 1
afterwards, 1
argument, 1
nfv, 1
spewing, 1
treating, 1
restrict, 1
killfeed, 1
could've, 1
attachments, 1
removve, 1
havve, 1
persistant, 1
chronozephyr, 1
bloke, 1
considered, 1
peebroderp, 1
click, 1
sights, 1
deems, 1
unfun, 1
horrific, 1
yuuieblank, 1
ps2, 1
lulz, 1
wase, 1
cards, 1
abit, 1
bruh, 1
pardon, 1
stugging, 1
killwin, 1
shingle, 1
soggy, 1
french, 1
frie, 1
marksmen, 1
glinting, 1
waittill, 1
finds, 1
feathers, 1
humblelife, 1
30-50k, 1
hax, 1
congratz, 1
peebrochamp, 1
vac, 1
ns, 1
hs, 1
instant, 1
zoom, 1
txaa, 1
dattohm, 1
trucks, 1
7-16, 1
12-00, 1
overtime, 1
shoting, 1
rez, 1
g43, 1
gehwer, 1
fitin', 1
belive, 1
designed, 1
ressing, 1
moebvius, 1
yizzed, 1
toned, 1
mug, 1
gloves, 1
bothering, 1
shitting, 1
finger, 1
brits, 1
chipper, 1
delivering, 1
usual, 1
luciferrr, 1
specsavers, 1
kappahd, 1
laggy, 1
unlocking, 1
lived, 1
fjord, 1
anyrhing, 1
afterall, 1
unacceptable, 1
dracus_dark, 1
solo, 1
a-me, 1
00000f, 1
thehead, 1
annoyed, 1
2013, 1
entertaining, 1
msuyoda, 1
anthem, 1
ragdolll, 1
doe, 1
untrained, 1
yesno, 1
priviledge, 1
pre-ordering, 1
cheif, 1
pre-orders, 1
fellas-, 1
shittest, 1
date-, 1
baley, 1
spaget, 1
overly, 1
theasaspadez, 1
15h, 1
blackops, 1
raresac, 1
benefit, 1
shelving, 1
brackets, 1
sazzbot, 1
ca, 1
koillul, 1
approximately, 1
within, 1
subscriptions, 1
karkand, 1
superocrates, 1
curious, 1
adjust, 1
color, 1
progression, 1
mmmm, 1
fragfood, 1
3-4days, 1
membership, 1
above, 1
rays, 1
gah, 1
lool, 1
cpu, 1
requirements, 1
652, 1
cockerknees, 1
booth, 1
pre-, 1
bullshitgames, 1
shite, 1
journey, 1
thining, 1
cancelling, 1
smarter, 1
republican, 1
xxxthx, 1
religion, 1
heated, 1
subjects, 1
discussions, 1
aldoalladeen, 1
spider, 1
actors, 1
teacher, 1
dwarf, 1
ironforge, 1
ttk, 1
illinois, 1
torn, 1
loading, 1
novemvber, 1
elmerrstudd, 1
appealing, 1
voices, 1
quality, 1
antiheroatx, 1
carro_z, 1
lllladies, 1
support's, 1
resub, 1
primes, 1
m-30, 1
gigs, 1
50gb-ish, 1
cprivy, 1
reduce, 1
tucked, 1
chris121580, 1
hydroxcs, 1
144, 1
occasional, 1
expesive, 1
spitfires, 1
dogfighting, 1
astounding, 1
tought, 1
corsair, 1
copies, 1
technical, 1
caliber, 1
firearm, 1
il, 1
soundtracks, 1
downlad, 1
terrifying, 1
fells, 1
doritos, 1
forsens, 1
wwwoooooooowwww, 1
daygg, 1
seqwoo, 1
ggz, 1
guidance, 1
moly, 1
romerwork, 1
involve, 1
closest, 1
boisgandalfpls, 1
scoring, 1
tpfufun, 1
will_north, 1
fist, 1
darkmode, 1
nthe, 1
vame, 1
hero, 1
stock, 1
specialization, 1
maximillian_strauss_, 1
knowledgeable, 1
obsure, 1
camos, 1
thursdayman, 1
trdeln, 1
thabks, 1
enforces, 1
junk, 1
volksgewehr, 1
skiing, 1
alpahc, 1
specifically, 1
vibes, 1
tators, 1
valiant, 1
loool, 1
nise, 1
elayes, 1
crackalackinn, 1
spo, 1
crappy, 1
issued, 1
volksturm, 1
crude, 1
novege, 1
bleedin', 1
fancy-looking, 1
messerschmitt, 1
bf109g, 1
stoked, 1
awespe, 1
pitch, 1
zealand, 1
relaxus, 1
mid-air, 1
ary, 1
carlsmile, 1
butting, 1
dogfights, 1
flareon, 1
flighting, 1
missile, 1
airfields, 1
whilst, 1
tilt, 1
distress, 1
calculated, 1
unplanned, 1
bail, 1
airborne, 1
mrmweird, 1
wass, 1
strategy, 1
mesure, 1
surface, 1
reskinned, 1
crews, 1
woot, 1
attitude, 1
strip, 1
lnfamous187, 1
awaketrk, 1
watched, 1
bayonnette, 1
pleased, 1
pique, 1
speeders, 1
thiss, 1
meduzko_, 1
gladly, 1
mc, 1
poopypants, 1
blown2pieces, 1
engine, 1
pple, 1
indicators, 1
asume, 1
gday, 1
xqct, 1
zombie, 1
wolfenstein, 1
summary, 1
dopebut, 1
supressive, 1
jj, 1
abrams, 1
leaderboards, 1
oce, 1
average, 1
bettah, 1
comic, 1
adaptation, 1
lmaooooo, 1
9-bangs, 1
64, 1
acesss, 1
gamem, 1
tips, 1
related, 1
fonetic, 1
letters, 1
sirheiska, 1
butbut, 1
tanks111, 1
bangkiller, 1
phonetic, 1
1960's, 1
protips, 1
mrgribber, 1
phoenitic, 1
assignements, 1
questioned, 1
microchaton, 1
activities, 1
supporters, 1
strema, 1
anton, 1
berta, 1
caesar, 1
phoenetics, 1
primeir, 1
chase, 1
independent, 1
guardian, 1
theses, 1
broad, 1
daylight, 1
900, 1
kronor, 1
latched, 1
yerself, 1
overkill, 1
impressions, 1
grimnom, 1
sasquatchfelix, 1
brkstop, 1
streamer's, 1
treatment, 1
aaaahhhh, 1
completing, 1
resets, 1
begining, 1
realy, 1
badly, 1
hory, 1
shet, 1
impression, 1
10-20, 1
sacbing, 1
fixing, 1
ahain, 1
weaker, 1
whereas, 1
otwd, 1
horde, 1
danohi, 1
meme, 1
ariplane, 1
stabilizers, 1
r2, 1
piismith, 1
jarring, 1
ejaculated, 1
oida, 1
slower-paced, 1
couldn't, 1
liek, 1
nail, 1
chewy, 1
chewie, 1
filthy, 1
latin, 1
helmets, 1
league, 1
legends, 1
playihng, 1
awww, 1
takeoff, 1
mow, 1
themancallednova, 1
megas_alexandros, 1
aerial, 1
ameno, 1
jake_18_18, 1
varied, 1
pfaust, 1
wingman, 1
smash, 1
proper, 1
addition, 1
fortification, 1
cheaters, 1
avalanche, 1
yelling, 1
againboring, 1
100hrs, 1
flew, 1
wrekage, 1
hahahathat, 1
wreck, 1
smashed, 1
kamikazeeee, 1
tripped, 1
vislaud, 1
physically, 1
kamikazi, 1
aim2win_gaming, 1
partying, 1
warm, 1
allot, 1
tone, 1
vibe, 1
fairfight, 1
dmn, 1
seq1, 1
character's, 1
kriskris71, 1
brodge, 1
1942, 1
pegasus, 1
flags, 1
daamn, 1
hyoooge, 1
lame, 1
knives, 1
gorgeous, 1
posing, 1
tons, 1
pop-in, 1
xdd, 1
across, 1
goober, 1
szkbp, 1
lirikpog, 1
tnts, 1
undeaddub, 1
izi, 1
specialized, 1
nicely, 1
split, 1
tan, 1
sun, 1
washed, 1
completly, 1
volk, 1
somehtinmg, 1
integration, 1
arcady, 1
identify, 1
snitater, 1
vg, 1
weeeeee, 1
wooooooooot, 1
salid, 1
wilhelm, 1
smrt, 1
og, 1
reeeeee, 1
artstyle, 1
regen, 1
liars, 1
hehigh, 1
strategic, 1
benefits, 1
territories, 1
student, 1
kg, 1
x1, 1
109, 1
somesoft, 1
parralel, 1
heyoo, 1
monitors, 1
aproximation, 1
hitlerjugend, 1
fbpass, 1
fbblock, 1
k18, 1
exhausting, 1
waid, 1
huy, 1
kbelwagen, 1
ahahha, 1
doofus, 1
blitzkrieging, 1
jarmoestcits, 1
infantries, 1
any1, 1
timer, 1
wrecked, 1
birken, 1
nutty, 1
inspection, 1
reviewing, 1
reviewed, 1
there'sgrass, 1
baloon, 1
elaok, 1
grows, 1
tropicfunder, 1
smorc, 1
insanely, 1
reduced, 1
sanitizer, 1
dandead, 1
overlay, 1
boyz, 1
perma, 1
kashyyk, 1
bf2wonder, 1
luxxwut, 1
dano, 1
moon2o, 1
tinnitus, 1
tydarrr, 1
xddd, 1
peped, 1
flung, 1
duckerz, 1
taigerrrrr, 1
teiger, 1
wehraboos, 1
orientated, 1
strmtiger, 1
tmrw, 1
tajgah, 1
swiftwell, 1
forsenwut, 1
dacia, 1
basuzu, 1
i5-8600k, 1
starter, 1
paladins, 1
hopes, 1
8600k, 1
8700k, 1
thommyes, 1
landed, 1
ability, 1
however, 1
lobosoldier, 1
26mb, 1
pipehype, 1
ish, 1
crisp, 1
4403gb, 1
dmrs, 1
wasd, 1
44g, 1
tnt, 1
handshake, 1
worthless, 1
60gbs, 1
449gb, 1
grammar, 1
ich, 1
wei, 1
kann, 1
sein, 1
idriveturbo, 1
alice, 1
clara, 1
santate, 1
dangachi, 1
pronouncing, 1
giiieh, 1
friendship, 1
africa, 1
smoked, 1
atpholup, 1
coo, 1
yeh, 1
1495, 1
perk, 1
team's, 1
conversation, 1
worldwar, 1
1060, 1
6gb, 1
upgrading, 1
2070, 1
wors, 1
natural, 1
revamped, 1
pisskrieg, 1
energycc, 1
astoundingly, 1
levolution, 1
mechanicsare, 1
sgt_facelift, 1
pet, 1
pisskreig, 1
twenty4seven, 1
roles, 1
pickle_tv_, 1
vertigo, 1
pure, 1
edgyness, 1
fr, 1
sie, 1
moon2secretemote, 1
wwi, 1
wise, 1
equally, 1
shrug, 1
drinking, 1
dev, 1
b4nksz, 1
danstory, 1
defenses, 1
flagsssss, 1
ww1, 1
naturally, 1
onehand, 1
forsencd, 1
defined, 1
tools, 1
turrets, 1
shhh, 1
wings, 1
youwhy, 1
seals, 1
sneakybreeki, 1
clove, 1
royals, 1
ankles, 1
sore, 1
ex, 1
girlfriend, 1
reevaluate, 1
definition, 1
cheesus, 1
crust, 1
tahts, 1
kanye, 1
shoulder, 1
fray, 1
vegetation, 1
wobbly, 1
balloon, 1
shreks, 1
farmaking, 1
scottmey2001, 1
somme, 1
gigglz, 1
padaroxon, 1
layout, 1
respawn, 1
dmr's, 1
dasquared, 1
elsewhere, 1
dissing, 1
edge, 1
lords, 1
whinging, 1
trklul, 1
flicking, 1
katielewd, 1
lirikd, 1
attachment, 1
normandy, 1
omaha, 1
utah, 1
carentan, 1
berlin, 1
iwojima, 1
stabber, 1
resort, 1
trickery, 1
bfa, 1
rollercoaster, 1
ars, 1
slrs, 1
launches, 1
rocked, 1
duuuuuuuuuuuuuuuuuuuuuuuuuuuude, 1
seq200, 1
tyty, 1
pixels, 1
microwavedturd_, 1
microwaveturd's, 1
parents, 1
redfoxx777, 1
rookb, 1
pissing, 1
cohhrage, 1
wierd, 1
edgy, 1
memes, 1
bf6, 1
heho, 1
biddle, 1
bugged-tiger, 1
cloaking, 1
device, 1
camouflage, 1
chassis, 1
hitbox, 1
zelor21, 1
punished, 1
dmr, 1
disrespect, 1
christus, 1
auf, 1
dem, 1
fahrradd, 1
-2nd, 1
bathtubs, 1
grants, 1
invisibility, 1
overhyped, 1
testing, 1
rangefinder, 1
arty, 1
forsent, 1
roonya, 1
notepad, 1
kleiderhaken, 1
guage, 1
stickj, 1
thje, 1
meters, 1
rectangle, 1
thingie, 1
brummbr, 1
radius, 1
explosion, 1
invaders, 1
pray, 1
bracket, 1
tilted, 1
judge, 1
seqfeels, 1
silhouette, 1
youhave, 1
derp, 1
structures, 1
bunkers, 1
windage, 1
oldschool, 1
artellery, 1
shoulders, 1
zeroing, 1
reticule, 1
detected, 1
vss, 1
occurred, 1
vault-entitlement-failed, 1
92, 1
swbf2, 1
shtoorm-teeger, 1
encounters, 1
preorders, 1
bathtub, 1
castles, 1
fords, 1
anti-construction, 1
volkswagens, 1
arena, 1
travistheunneeded, 1
pso, 1
stoormtiger, 1
reylokito, 1
'stoorm, 1
teeger', 1
translator, 1
aloud, 1
avatars, 1
deadpixel_88, 1
damit, 1
shtoormteega, 1
streaks, 1
effective, 1
profile, 1
pictures, 1
schturm, 1
sry, 1
accsess, 1
greyhound, 1
staghound, 1
hound, 1
shtuorm, 1
sux, 1
ultimate, 1
uses, 1
grind, 1
shtuom-tiger, 1
nodding, 1
sharted, 1
uninstalled, 1
zwanzing, 1
exakt, 1
turm, 1
letter, 1
czech, 1
alphabe, 1
footage, 1
schtoormteegah, 1
arexrekt, 1
crispytissue, 1
slothspiel, 1
korg, 1
dankek, 1
subscriber, 1
its_pk_, 1
gewae, 1
smiley, 1
plural, 1
smile, 1
pronunciation, 1
school's, 1
sesh, 1
unlocks, 1
ect, 1
gametime, 1
begging, 1
submode, 1
perhaps, 1
cynicalold, 1
apologize, 1
thanx, 1
turbinespeedo, 1
handy, 1
kuuuuurt, 1
uuuu, 1
biketroll, 1
1440, 1
cobain, 1
uniform, 1
t0do, 1
login, 1
koort, 1
timpjam, 1
krag-jrgensen, 1
m1894, 1
fo76, 1
mads, 1
mikkelson, 1
peter, 1
russel, 1
eyed, 1
kuuuurt, 1
ivan, 1
krag's, 1
penetrating, 1
idi, 1
creatures, 1
rooderp, 1
yrs, 1
costly, 1
dexsleik, 1
worlds, 1
bolt, 1
detect, 1
coolmusicguy, 1
reelease, 1
peeps, 1
waint, 1
gfor, 1
colonyhype, 1
encourages, 1
discourages, 1
swapping, 1
invite, 1
pride, 1
accomplishment, 1
betrayal, 1
prevention, 1
cyb00rg, 1
originally, 1
restricts, 1
c'mon, 1
sheesh, 1
heinsight, 1
gress, 1
snowy, 1
adequate, 1
v's, 1
newsflash, 1
region, 1
advertised, 1
relase, 1
juump, 1
grimr, 1
sentence, 1
e3, 1
advertisement, 1
soley, 1
versions, 1
banner, 1
'murican, 1
fog, 1
hurting, 1
480p, 1
m1, 1
grab, 1
renew, 1
teaser, 1
reidmann, 1
gamefeels, 1
ike, 1
sois, 1
lokk, 1
nerds, 1
's, 1
counteer, 1
lacking, 1
yeahnoticed, 1
deception, 1
mann, 1
vaulting, 1
barbed, 1
wire, 1
sided, 1
wood, 1
hook, 1
static, 1
pulling, 1
shakey, 1
gideonfaile, 1
gitgud, 1
skydiving, 1
axis, 1
nex210, 1
cowboys, 1
lookin', 1
teammates, 1
lower-end, 1
cpus, 1
shakely, 1
hah, 1
magazine, 1
quote_me_if_shouting, 1
barbwire, 1
relish, 1
tryhard, 1
4hrs, 1
thewisewarden, 1
paying, 1
monthly, 1
hilfe, 1
objectives, 1
didint, 1
betas, 1
ordered, 1
stunning, 1
grossburger94, 1
'sanitaters', 1
precious, 1
thro, 1
accusations, 1
tarkov-, 1
feelin, 1
boil, 1
mash, 1
therefore, 1
beforehand, 1
wanting, 1
butthurt, 1
-banned, 1
word-, 1
10years, 1
olds, 1
po, 1
toes, 1
andreah2o, 1
cq, 1
smoketvrip, 1
liking, 1
moves, 1
invictusaie, 1
peashooters, 1
basicly, 1
sind, 1
nnpm, 1
oath, 1
capsules, 1
drains, 1
sten, 1
alroght, 1
hacksaw, 1
ridge, 1
don'tt, 1
mislead, 1
entry, 1
sentitive, 1
battlefiled, 1
lirikhmm, 1
lirikp, 1
assults, 1
somethign, 1
poooound, 1
speca, 1
expectations, 1
manage, 1
the_seventh, 1
lirik, 1
emotes, 1
tar, 1
certainly, 1
intentional, 1
ping, 1
gangnam, 1
forces, 1
clearing, 1
complaining, 1
simulation, 1
cynicalfps, 1
multipule, 1
occasions, 1
opposite, 1
covered, 1
infamy, 1
magically, 1
cried, 1
rig, 1
pykseldot, 1
gots, 1
kleiklei, 1
idead, 1
q, 1
b5, 1
input, 1
documantaries, 1
newer, 1
wolfenstien, 1
wowowoow, 1
colombian, 1
installment, 1
thick, 1
complained, 1
cynicaldead, 1
espresso, 1
blends, 1
coocay, 1
flavour, 1
toooo, 1
examples, 1
visual, 1
behold, 1
decided, 1
consist, 1
skip, 1
purpose, 1
norway's, 1
soonn, 1
immediatley, 1
helft, 1
mir, 1
uphill, 1
loadout, 1
rulefive, 1
surpressing, 1
oriented, 1
flusha_lmao, 1
1hp, 1
time-line, 1
lists, 1
quitting, 1
resources, 1
rubbish, 1
ja, 1
tides, 1
unlikely, 1
despite, 1
handles, 1
wups, 1
flop, 1
scroll, 1
youtubers, 1
hostile, 1
basing, 1
heresay, 1
thereby, 1
propagating, 1
uhhh, 1
garand, 1
arge, 1
marked, 1
relive, 1
childhood, 1
thst, 1
nay, 1
cods, 1
profitable, 1
solve, 1
heath, 1
firefights, 1
advantage, 1
obsession, 1
jetpacks, 1
futuristic, 1
mommy, 1
separate, 1
insulting, 1
winterwolf, 1
strreamerthing, 1
vissh, 1
bfs, 1
unlost117, 1
burgardorf, 1
alternative, 1
universe, 1
correcting, 1
silentvelocityuk, 1
plans, 1
fallen, 1
whipsers, 1
cheer10, 1
flight, 1
control, 1
shooters, 1
warfare, 1
succeeded, 1
incarnations, 1
controversy, 1
weather, 1
controversial, 1
insults, 1
packs, 1
blindo, 1
blanks, 1
tore, 1
kith, 1
battlefied, 1
equipment, 1
1939, 1
freelc, 1
2002, 1
mk, 1
chronogically, 1
stg42, 1
accuse, 1
realease, 1
sensor, 1
bo1, 1
mw2, 1
2009, 1
givesa, 1
timpfail, 1
misufeels, 1
'taking, 1
equipment', 1
fert91, 1
cynicalul, 1
sandbags, 1
bounds, 1
seqdag, 1
prevent, 1
churchhill, 1
deeeeeep183, 1
seqgasm, 1
hoppum, 1
day1sub, 1
nuggi, 1
apologies, 1
115am, 1
bombers, 1
taxis, 1
orders, 1
loike, 1
bf2, 1
bf2142, 1
genuinely, 1
amazes, 1
petty, 1
complains, 1
2499, 1
dayonesub, 1
polite, 1
interaction, 1
subject, 1
sht, 1
historically, 1
inaccurate, 1
portrayal, 1
scaredy, 1
heavily, 1
sacbeards, 1
thortater, 1
appreciated, 1
xx, 1
cooler, 1
syphersnipe, 1
danlul, 1
stupis, 1
msgrillo278, 1
sickfreak713, 1
written, 1
won, 1
ole', 1
gentleman, 1
meaningless, 1
jerk, 1
wit, 1
rts, 1
win10, 1
1809, 1
botched, 1
believ, 1
andis, 1
banger, 1
crayons, 1
torrented, 1
saltyslaisar, 1
vorsicht, 1
attritioned, 1
alpha, 1
corwyn4u, 1
panther, 1
lordy, 1
dialing, 1
inbetween, 1
plank, 1
jeffa, 1
ambyz, 1
east, 1
coast, 1
awhile, 1
thatis, 1
tabbing, 1
microsoft, 1
shipped, 1
xboxone, 1
pint, 1
420, 1
praise, 1
w8, 1
predetermined, 1
pz4, 1
howitzer, 1
gtg, 1
prothis, 1
frikkin, 1
mapa, 1
thinkidnt, 1
kobe, 1
brkturnip, 1
pak, 1
emilyccfeelsweirdman, 1
brand, 1
understanding, 1
aud, 1
essentially, 1
traditional, 1
scumbag, 1
accesslul, 1
eur, 1
emilyccs, 1
technov1king, 1
brkbleb, 1
tomrow, 1
heavier, 1
resuply, 1
seqt, 1
aaa, 1
woops, 1
iii, 1
ramming, 1
downgrade, 1
realeased, 1
tatt, 1
medal, 1
88, 1
attrition, 1
prevalent, 1
tigers, 1
88s, 1
3s, 1
76s, 1
pivs, 1
camping, 1
motodriv3r, 1
complaints, 1
stopsyeah, 1
arguments, 1
importance, 1
teamplay, 1
game-mechanics, 1
affar, 1
iii's, 1
37mm, 1
50mm, 1
product, 1
ffz, 1
katielul, 1
indestructible, 1
nitr8tv, 1
jackson, 1
wenryr, 1
'video', 1
rebuild, 1
encoding, 1
structure, 1
luchs, 1
daymmmmmm, 1
durable, 1
5-6, 1
blown, 1
clue, 1
lighten, 1
centimeters, 1
f5, 1
paul, 1
stodehs, 1
variants, 1
t-34, 1
refreshing, 1
griefing, 1
opt, 1
ange1k, 1
peemier, 1
rambo, 1
restarted, 1
comp, 1
elmighty_, 1
sigguz, 1
60hz, 1
30hz, 1
microtransactions, 1
smooth, 1
hertz, 1
100x, 1
viewers, 1
rdbeast, 1
joniio, 1
tommies, 1
jerries, 1
flamethrowers, 1
--, 1
royales, 1
dominating, 1
valid, 1
explosions, 1
bommmmm, 1
zulul, 1
buzz, 1
silence, 1
impact, 1
mohaa, 1
preimar, 1
lirikosvn, 1
visuals, 1
coordination, 1
pgechat, 1
ins, 1
medals, 1
gripe, 1
rge, 1
arras, 1
timpcry, 1
escort, 1
seek, 1
knutt, 1
dayummmmm, 1
theotherus, 1
dank, 1
lest, 1
scout, 1
ray-tracing, 1
post-scriptum, 1
graphs, 1
81, 1
bonkers, 1
velcome, 1
forty, 1
zecond, 1
longest, 1
83, 1
premeire, 1
worldwide, 1
45gb, 1
tech, 1
it'd, 1
midnight, 1
disability, 1
difficult, 1
notwasabi, 1
operstions, 1
45gbs, 1
danlove, 1
aussies, 1
laters, 1
handling, 1
slug, 1
seeting, 1
beeps, 1
morse, 1
1940, 1
tatkevinh, 1
propagandh1, 1
technicolor, 1
60s, 1
lolwhat, 1
cartoonishly, 1
choppy, 1
squarelike, 1
potentially, 1
beezybot, 1
nitrox0, 1
taxmantv, 1
w00t, 1
proxhype, 1
tow, 1
bettre, 1
helicopters, 1
y'all, 1
presets, 1
stremers, 1
shred, 1
colours, 1
moedawg, 1
turbotraktorgaming, 1
re-skinned, 1
murasaur, 1
peoplepeople, 1
fortnitelul, 1
proned, 1
thicc, 1
gnotagoblin, 1
jezza, 1
steelchiliboy, 1
norgrunt, 1
sprint, 1
crouched, 1
method, 1
spring, 1
summer, 1
knob, 1
sc7, 1
storm, 1
asap, 1
liriksmart, 1
smoothly, 1
desaturated, 1
blue, 1
tinted, 1
camper, 1
wbinged, 1
2whitegloves, 1
whoahhh, 1
pilot, 1
michael, 1
myers, 1
wayne's, 1
oranges, 1
trombone, 1
parachuting, 1
biy, 1
1st, 1
urban, 1
dictionary, 1
ayyyyy, 1
regenerate, 1
resupplying, 1
grenades, 1
gas, 1
cup, 1
cooldown, 1
goat, 1
definitions, 1
weirder, 1
mail, 1
thrower, 1
articles, 1
unit, 1
fundamental, 1
colleagues, 1
prefixed, 1
16th, 1
r1cv3nsacl, 1
pillar, 1
wtb, 1
mini-map, 1
farm, 1
fairly, 1
lengthy, 1
educate, 1
axisbond, 1
iamdoingmyparty, 1
farming, 1
credit, 1
arsonnosexy, 1
leaderboard, 1
encourage, 1
akiramemiko, 1
tinytom, 1
spread, 1
emone, 1
hypeeeeee, 1
gift's, 1
stodayy, 1
stodhiyo, 1
spotfield, 1
woopswow, 1
pogy, 1
sactags, 1
rescuing, 1
amazingdank, 1
haters, 1
opinions, 1
jacky, 1
mmmmmmmmmmmmmmmmmmmmmbreak, 1
yayyy, 1
monocle, 1
fashioned, 1
afk, 1
covers, 1
woopsthink, 1
jacksoned, 1
humanity, 1
qutini, 1
fritz, 1
ringing, 1
spotter, 1
blocked, 1
pto, 1
kjprime, 1
saclewd, 1
whom, 1
tolls, 1
dayz, 1
altoption, 1
rslomski08, 1
sacpreggers, 1
hoorah, 1
teammate, 1
wafflelewd, 1
domed, 1
fields, 1
stripcowbab, 1
stripgun, 1
barber, 1
interrogating, 1
aye, 1
indians, 1
thewrongen, 1
protector, 1
saves, 1
pit, 1
population, 1
protects, 1
bisons, 1
sipstea, 1
victorious, 1
pamphlet, 1
cuts, 1
nas, 1
cllap, 1
picnic, 1
skinned, 1
rotting, 1
thos, 1
jsalove, 1
madaoke, 1
dust, 1
pemmican, 1
tame, 1
inventory, 1
interact, 1
throbbing, 1
nubbing, 1
miniature, 1
niceee, 1
gaping, 1
vagina, 1
shitland, 1
lasoo, 1
adios, 1
funnn, 1
brony, 1
muh, 1
centipide, 1
someday, 1
richard's, 1
glue, 1
gta5, 1
trihorse, 1
podcast, 1
spine, 1
sjin, 1
duncan, 1
invention, 1
paths, 1
deeed, 1
carriages, 1
ntoyour, 1
downwinter, 1
acquire, 1
gee, 1
bribing, 1
witnisses, 1
fugg, 1
commence, 1
motorway, 1
spaces, 1
crowded, 1
'round, 1
ips, 1
kilometers, 1
condensed, 1
evidence, 1
spreading, 1
bubs, 1
towns, 1
buffalo, 1
laving, 1
tjtommy, 1
jiggle, 1
gunshots, 1
intimidate, 1
guysh, 1
beggar, 1
colt, 1
crybabies, 1
distracted, 1
golly, 1
arnt, 1
50000, 1
bitrate, 1
noob, 1
mongs, 1
aucio, 1
crank, 1
reverb, 1
yoghey, 1
clamwut, 1
matched, 1
byebyebye, 1
dreams, 1
mishter, 1
fulthir, 1
hearing, 1
innocent, 1
perception, 1
progamer, 1
boyyyyyy, 1
planted, 1
brains, 1
haunted, 1
recharge, 1
pre-recorded, 1
grrrl, 1
wristwatch, 1
bombits, 1
daughter, 1
donations, 1
vod, 1
department, 1
rbzfat, 1
bigly, 1
diffuse, 1
fondling, 1
slight, 1
1050, 1
poker, 1
juicyx3, 1
i_am_sofa_king_, 1
3060, 1
fs, 1
gamble, 1
physics, 1
exceptional, 1
palamino, 1
circus, 1
compelling, 1
nightmares, 1
drift, 1
pownyhowdy, 1
pownypartner, 1
scared, 1
pepejammer, 1
dressage, 1
1800s, 1
ahhahaha, 1
staira, 1
reboot, 1
salt, 1
greeted, 1
spice, 1
strawberry, 1
why's, 1
cozmium, 1
twnety, 1
twennyfife, 1
wans, 1
matresses, 1
gallon, 1
milk, 1
013, 1
widows, 1
matricide, 1
twinnyfaifedollahrs, 1
easter, 1
differently, 1
currency, 1
supermarket, 1
50x, 1
thot, 1
schedule, 1
shopping, 1
pane, 1
liftzero_, 1
timey, 1
western, 1
rum, 1
mistaken, 1
widowmaker, 1
rhat, 1
thenit, 1
sipsey, 1
stickin, 1
roads, 1
windowcleaner, 1
niiiiice, 1
maneater, 1
windowlicker, 1
dingaling, 1
djano, 1
athhug, 1
pickedup, 1
shittin, 1
burger, 1
cucking, 1
trampled, 1
implore, 1
reconsider, 1
bill'll, 1
iphones, 1
stripprr, 1
iphone, 1
votenay, 1
minus, 1
neuhaus, 1
duor, 1
sawed, 1
nudist, 1
colony, 1
duping, 1
alarm, 1
drbuttdoctor, 1
cleans, 1
happier, 1
bear-hat, 1
coins, 1
wombo, 1
wore, 1
punch-shot, 1
doubly, 1
whammy, 1
bills, 1
cu, 1
ker, 1
man's, 1
denied, 1
plates, 1
loot'n, 1
pollutin', 1
groceries, 1
lmaooo, 1
mike, 1
centuries, 1
bandits, 1
casanters, 1
tracking, 1
economy, 1
otherwise, 1
davy, 1
crocket, 1
539, 1
extent, 1
treasures, 1
pool, 1
tonic, 1
doubled, 1
000001, 1
sipscoins, 1
ykzor, 1
118, 1
hatr, 1
haaaat, 1
proves, 1
invalid, 1
chimneyhat, 1
halve, 1
39, 1
dumpit, 1
amazement, 1
harder, 1
punctured, 1
hoof, 1
strokes, 1
dingledonger, 1
prowl, 1
waterfall, 1
leap, 1
onoy, 1
ferarri, 1
abigail, 1
fisherman, 1
flatneck, 1
throat, 1
reeeeeeeee, 1
48, 1
clover, 1
surprising, 1
walker, 1
stamina, 1
easssy, 1
frightening, 1
pz, 1
veyr, 1
simpel, 1
nag, 1
superfast, 1
lands, 1
calms, 1
fund, 1
eeeezzzeee, 1
admiralez, 1
tamed, 1
fondle, 1
woo, 1
meanwhile, 1
lasso'd, 1
gerald, 1
ford, 1
tamer, 1
psycopath, 1
faster-hand, 1
professional, 1
ambush, 1
phew, 1
teleported, 1
whisle, 1
lagging, 1
bond, 1
murderer, 1
recommendation, 1
bahahaaa, 1
boosh, 1
hahahahaaaaaaa, 1
aerrowftw, 1
yeller, 1
shh, 1
aliiive, 1
arrest, 1
smoooooth, 1
graceful, 1
jsalul, 1
stabbed, 1
humping, 1
juice, 1
arresting, 1
witch, 1
buuurrrnnnn, 1
herrrrrr, 1
consent, 1
problematic, 1
hahaaaaa, 1
haaaa, 1
hammer, 1
deserves, 1
meats, 1
pockets, 1
hahahaaha, 1
oppressed, 1
heading, 1
noose, 1
anywayz, 1
1abnned, 1
chad, 1
mscitos, 1
sipstache, 1
prejudiced, 1
mental, 1
prejudices, 1
sipsyes, 1
treat, 1
spuds, 1
disgusting, 1
hush, 1
ronald, 1
reagan, 1
pocket, 1
ttours, 1
fearing, 1
fedoras, 1
valentine's, 1
prisoners, 1
bandit, 1
clyde, 1
ranged, 1
moon, 1
scripted, 1
turkeys, 1
baguette, 1
polls, 1
beats, 1
daily, 1
episodes, 1
bloodtrail, 1
recorded, 1
vhw, 1
vhs, 1
awfully, 1
breathing, 1
influence, 1
solid, 1
badboys, 1
guilty, 1
crook, 1
pubic, 1
would've, 1
cruise, 1
defend, 1
'you, 1
wife, 1
pelts, 1
supreme, 1
sim, 1
mesmerized, 1
topical, 1
dedication, 1
oooh, 1
tax, 1
stabby, 1
gal, 1
clips, 1
murderers, 1
widow, 1
herself, 1
specter, 1
maple, 1
hunter_frenzy, 1
among, 1
loitering, 1
wrasssstlliinnn, 1
horsey, 1
jingle, 1
rib, 1
toldyou, 1
hogtie'n, 1
pics, 1
monkah, 1
squidbillies, 1
twerks, 1
fools, 1
begun, 1
fuckit, 1
maski, 1
mast, 1
jim, 1
carrey, 1
slippery, 1
nipple, 1
buisness, 1
pesky, 1
cameras, 1
sak, 1
exit, 1
reward, 1
docs, 1
sipsbaited, 1
glasses, 1
doctor's, 1
identified, 1
they'll, 1
robing, 1
dollrs, 1
masakear, 1
kuilling, 1
cheep, 1
repeated, 1
50583, 1
recognizes, 1
recognition, 1
characteristics, 1
-3, 1
bum, 1
yknow, 1
-chat, 1
anwsers, 1
-ignore, 1
-sips_, 1
safes, 1
-_-, 1
50584, 1
hatl, 1
rippin, 1
alt-f4, 1
50585, 1
mazoway, 1
shadow, 1
israphel, 1
figuring, 1
buddo, 1
genius, 1
rixeeboi, 1
yogventures, 1
wheezewart, 1
frackers, 1
ro, 1
frack, 1
kitten, 1
plants, 1
object, 1
bulked, 1
recognised, 1
getaway, 1
cay-ote, 1
breeder, 1
profession, 1
louisiana, 1
texas, 1
wyoming, 1
chucked, 1
hoonter, 1
hoont, 1
grumvaski, 1
cotton, 1
joe, 1
roulette, 1
alerted, 1
coyote, 1
fracking, 1
cylons, 1
stringy, 1
lobster, 1
kebabroll, 1
toasted, 1
sandwich, 1
anele, 1
explode, 1
leaker, 1
tit, 1
byeee, 1
runing, 1
upp, 1
cocane, 1
booosh, 1
kaboom, 1
omfg, 1
larryfish, 1
50586, 1
poisoning, 1
chasing, 1
loony, 1
teh, 1
luul, 1
spilling, 1
notices, 1
notis, 1
constantly, 1
slipping, 1
hahahhaha, 1
borisigor, 1
smacking, 1
peepee, 1
intense, 1
50587, 1
holster, 1
barn, 1
bahahaa, 1
buckoos, 1
egg, 1
44, 1
240, 1
corspe, 1
techo1, 1
kempinjaz, 1
50588, 1
raiders, 1
vats, 1
shazbotstix, 1
smokey, 1
practising, 1
ol'sipsi, 1
noon, 1
sisp, 1
dougdroide, 1
figure, 1
theerandomhero, 1
partial, 1
landscape, 1
westerns, 1
ducktape, 1
oiltanker, 1
unsuspecting, 1
victim, 1
hearts, 1
jeezoh, 1
'defuse', 1
duh, 1
ukchill, 1
ronb, 1
nadhras, 1
geeze, 1
50589, 1
investigation, 1
zone, 1
carridge, 1
nees, 1
heat, 1
opens, 1
wears, 1
jets, 1
bount, 1
passed, 1
contents, 1
gunfight, 1
pointing, 1
gate, 1
donneroo, 1
figured, 1
hhes, 1
prospecting, 1
gooooldd, 1
havin, 1
fcking, 1
crush, 1
tb990, 1
50590, 1
boxxxx, 1
regalinferno, 1
dropped, 1
doors, 1
whoooopsies, 1
bullion, 1
mroe, 1
u', 1
thur, 1
partnur, 1
wells, 1
fargo, 1
banks, 1
f-15, 1
jet, 1
korpraalikorppi, 1
father, 1
apologise, 1
crispyvampire, 1
campfire, 1
pipe, 1
meter, 1
fuckers, 1
karma, 1
statement, 1
fastest, 1
gpd, 1
honorless, 1
cur, 1
burden, 1
goose, 1
postcard, 1
teddy, 1
roosevelt, 1
babies, 1
delights, 1
grinding, 1
heartbeat, 1
tomahawk, 1
alsmost, 1
lax, 1
controllers, 1
litterer, 1
pearson, 1
yum, 1
engraving, 1
dollahs, 1
controls, 1
generous, 1
homicidal, 1
twerkfail, 1
bukpog, 1
robin, 1
hood, 1
yess, 1
fking, 1
villige, 1
bandoleers, 1
permanent, 1
10000, 1
photograph, 1
oportunity, 1
'sex, 1
outcrop', 1
admittedly, 1
subjective, 1
hella, 1
doesn, 1
discover, 1
allow, 1
explore, 1
dildoi, 1
deja, 1
vu, 1
whea, 1
ees, 1
cahson, 1
seetee, 1
counter-terrorist, 1
m4, 1
3100, 1
ravel, 1
wave, 1
panties, 1
slapped, 1
guy's, 1
beaten, 1
surrendered, 1
disturbed, 1
executed, 1
merica, 1
swell, 1
racial, 1
profiling, 1
social, 1
hostages, 1
postoffice, 1
pointed, 1
focus, 1
threaten, 1
bukdc, 1
hahahahaaaa, 1
rspca, 1
bouties, 1
purposes, 1
serves, 1
boot, 1
cruelt, 1
raise, 1
easyer, 1
desobok, 1
sherrif's, 1
6h, 1
ropcheer, 1
boutn, 1
actively, 1
speak, 1
corgiderp, 1
evading, 1
armed, 1
trounce, 1
horseback, 1
hatit, 1
ee, 1
sharpshooters, 1
cost, 1
ehy, 1
resisting, 1
'taps, 1
head', 1
force, 1
moeny, 1
busted, 1
2000, 1
knocked, 1
bounty's, 1
zevonfb, 1
bountys, 1
streight, 1
seriff, 1
ericanunoo, 1
eventually, 1
incredibly, 1
ludicrous, 1
sneak, 1
dumbest, 1
commiting, 1
debutys, 1
stomp, 1
commits, 1
-flees, 1
murdering, 1
psychopathic, 1
menace, 1
lower, 1
-donate, 1
-sleep, 1
telegram, 1
rework, 1
successfully, 1
afraid, 1
doglovers, 1
managing, 1
avoid, 1
agitating, 1
stupidest, 1
snack, 1
conformist, 1
mpas, 1
thousands, 1
insult, 1
trigger, 1
greyed, 1
gob, 1
yogr, 1
success, 1
minuts, 1
staring, 1
cheeses, 1
starey, 1
mcclarey, 1
malone, 1
law-abiding, 1
bother, 1
removing, 1
sipstwitter, 1
stupidly, 1
timeout, 1
boyas, 1
ric, 1
fpp, 1
dump, 1
f-16, 1
horroble, 1
goldberg, 1
melting, 1
cpu's, 1
instantgreed, 1
theaimgold, 1
dirk_sanchez, 1
ridiculously, 1
minding, 1
nixons, 1
swerve, 1
feelsbadmanclapo, 1
ps4pro, 1
buses, 1
whip, 1
country, 1
plague, 1
mined, 1
generations, 1
grandchildren, 1
brewis, 1
ginley, 1
gin, 1
guud, 1
dosen't, 1
bll, 1
grandma, 1
abandoned, 1
connor1875bcfc, 1
00008, 1
oz, 1
biggggg, 1
frontfli, 1
dressmaker, 1
shii, 1
typos, 1
300buckaroos, 1
accountable, 1
victory, 1
award, 1
floorboards, 1
dollarinos, 1
listened, 1
tanqulizer, 1
checks, 1
chickennuggets, 1
ingots, 1
nogglehead, 1
stair, 1
ipl, 1
fear, 1
1908, 1
1948, 1
hall's, 1
cheerio, 1
dissolve, 1
spiffyy22, 1
rebuilt, 1
dig, 1
brigade, 1
inv, 1
outhouse, 1
ovens, 1
rl, 1
buiildnig, 1
shack, 1
ondpad, 1
serviced, 1
mile, 1
limitation, 1
she'll, 1
rotation, 1
burnnerd, 1
fance, 1
worht, 1
south, 1
goodness, 1
rotate, 1
hooves, 1
atleast, 1
burnhmm, 1
yoglove, 1
georgia, 1
falls, 1
kiss, 1
thatll, 1
fetch, 1
15000, 1
bcwarrior, 1
ingot, 1
lney, 1
stores, 1
wayne, 1
dont', 1
yessssss, 1
nosbig, 1
moron, 1
truly, 1
reached, 1
outer, 1
orbit, 1
semi, 1
drain, 1
sheets, 1
donated, 1
lodging, 1
communism, 1
gnesis, 1
birdthehorse, 1
meds, 1
honest, 1
talkig, 1
liquor, 1
investment, 1
licence, 1
duke, 1
albums, 1
vinyl, 1
directed, 1
boos, 1
congrats, 1
optimal, 1
'good', 1
peppermintnightmare, 1
ways, 1
loooool, 1
sharpjack, 1
flipper, 1
farmers, 1
dynasty, 1
anus, 1
out', 1
whore, 1
pour, 1
3-some, 1
fishin', 1
squid1, 1
squid3, 1
squid4, 1
scott_warner, 1
lure, 1
manly, 1
ole, 1
nephew, 1
hogties, 1
containers, 1
sirskulltrail, 1
non-stop, 1
squirrels, 1
cuteee, 1
poopfeast, 1
assumed, 1
awh, 1
catches, 1
salmon, 1
hardy, 1
har, 1
disappeaed, 1
driscols, 1
slam, 1
stored, 1
adorable, 1
hoods, 1
kid's, 1
glands, 1
engaged, 1
appears, 1
knock, 1
wholesome, 1
asf, 1
expose, 1
womens, 1
doin, 1
unhear, 1
mag, 1
vo, 1
shattered, 1
glass, 1
ll, 1
eva, 1
52, 1
provide, 1
rental, 1
wink, 1
voiceacter, 1
dumbass, 1
grown, 1
chezz, 1
chee, 1
cheeeeeeeeeeeeeeeeeeeese, 1
-vaiana, 1
moana, 1
l1, 1
higly, 1
kidsbad, 1
commercially, 1
imgonauzsumchez, 1
grip, 1
moganza, 1
giveplz, 1
geld, 1
wv, 1
cheeseits, 1
reaches, 1
retrieves, 1
kevinferguson, 1
stroke, 1
cheer1000, 1
dishy, 1
tuesdaywildfire, 1
1000, 1
primerlytho, 1
50591, 1
dpn't, 1
bby, 1
becomming, 1
tug, 1
rt, 1
flick, 1
sooner, 1
icy, 1
ralph, 1
wiggum, 1
reeling, 1
hte, 1
tuned, 1
tiniest, 1
hooked, 1
reel, 1
fishwait, 1
bluegill, 1
scarred, 1
siiiiips, 1
loooook, 1
wasting, 1
jacks, 1
smuggler, 1
peanuts, 1
cartoons, 1
voicing, 1
senses, 1
engage, 1
spooky's, 1
o'driscols, 1
jaaaack, 1
eatin, 1
floats, 1
chub, 1
'boring, 1
shush, 1
prostitutes, 1
pounds, 1
chubs, 1
kratos, 1
booze, 1
erection, 1
penis, 1
fishing's, 1
balm, 1
shuddup, 1
jackwank, 1
saville, 1
sips_', 1
dum, 1
rex, 1
runnnn, 1
asshole, 1
danw, 1
fuk, 1
paedo, 1
killers, 1
dressing, 1
peado, 1
pedobear, 1
tins, 1
bowl, 1
cap, 1
trauma, 1
blast, 1
dudes, 1
rushing, 1
edgar, 1
thow, 1
ripper, 1
scotland, 1
yard, 1
jeez, 1
popo, 1
pincketins, 1
pinkerton, 1
growls, 1
angrily, 1
silver, 1
tounge, 1
bedroom, 1
kinky, 1
5k, 1
pinkertins, 1
sunscreen, 1
bacon, 1
shooooooot, 1
jazz, 1
ouf, 1
hetero, 1
synch, 1
mccalendar, 1
m'calendar, 1
mc'cuse, 1
bithc, 1
harmless_toast, 1
scociety, 1
g, 1
borkborkbork, 1
'why, 1
collateral, 1
threatening, 1
bascially, 1
jack's, 1
ironic, 1
retires, 1
richest, 1
aawwwesome, 1
dissapointed, 1
milton, 1
marches, 1
drum, 1
stfu, 1
alien, 1
hire, 1
quell, 1
thgough, 1
educated, 1
williamson, 1
lalafel, 1
ffxiv, 1
detective, 1
papa, 1
fiashing, 1
aka, 1
aurthur, 1
singular, 1
mans, 1
sex, 1
pearl, 1
mama, 1
heya, 1
flowers, 1
sigh, 1
yeeeeee, 1
fame, 1
horny, 1
djh3max, 1
hornyforhornby, 1
agent, 1
shiat, 1
miu, 1
sicko, 1
dutch's, 1
silk, 1
leopard, 1
suits, 1
gagging, 1
rachel, 1
pale, 1
meanie, 1
slouchin, 1
sipsshine, 1
heady, 1
laddie, 1
funnier, 1
ruining, 1
wedding, 1
betray, 1
shovel, 1
loving, 1
opieop, 1
prank, 1
tuberculosis, 1
wrapper, 1
wrapped, 1
poo, 1
turd, 1
vaping, 1
chances, 1
hairline, 1
2000ish, 1
ceiling, 1
randomly, 1
-i'm, 1
'er, 1
bucko, 1
names, 1
manifestingtruth, 1
gekotagirl, 1
dakota, 1
ting, 1
kingrichcoffee, 1
theone1cheers, 1
wolflove, 1
dongs, 1
donuts, 1
moce, 1
trollin, 1
50592, 1
jenk, 1
kingrichhorse, 1
children, 1
whaty, 1
kingrichpotata, 1
frontflip, 1
autopolit, 1
choked, 1
hose, 1
madden, 1
bannes, 1
kingrichoutlaw, 1
nicest, 1
worryrichard, 1
inevitably, 1
haaaaa, 1
stables, 1
clipped, 1
huxleymark, 1
luls, 1
idunyken's, 1
opf, 1
concussion, 1
kingrichsnipes, 1
deer's, 1
wolfsnipes, 1
zombiexcrement, 1
organ, 1
kennedy, 1
shock, 1
seat, 1
suspension, 1
wolfoof, 1
bali, 1
eehhhh, 1
dancry, 1
3horse, 1
pileup, 1
jeeesus, 1
disposal, 1
wolfceez, 1
sheriffhype, 1
sheriffmob, 1
abusing, 1
whipping, 1
trick, 1
succ, 1
gat, 1
canyonero, 1
knew, 1
mcgraw, 1
hardnips, 1
bats, 1
suffragette, 1
loses, 1
minds, 1
citizen, 1
ghostcart, 1
yoghands, 1
despawn, 1
responding, 1
reacting, 1
jokes, 1
whiny, 1
bunnies, 1
giggling, 1
cha, 1
horsecart, 1
wolflegend, 1
livelihoods, 1
weasr, 1
phoned, 1
ladezmon, 1
grownup, 1
sqwurtel, 1
praised, 1
reamer, 1
spoiled, 1
o-o', 1
expert, 1
tyre, 1
licensder, 1
spray, 1
caravan, 1
registered, 1
voter, 1
yoohoo, 1
respary, 1
sixth, 1
600, 1
whiping, 1
50593, 1
dumdum, 1
muddcakelover, 1
28, 1
studying, 1
noce, 1
ybbybbybyyeeee, 1
boiz, 1
chew, 1
pushups, 1
boiiis', 1
sone, 1
686, 1
449, 1
427, 1
398, 1
394, 1
390, 1
845, 1
brb, 1
stretchhh, 1
2pm, 1
snickers, 1
beef, 1
36, 1
sandboxganghype, 1
sherifffork, 1
sipshurt, 1
dooglewd, 1
minimize, 1
image, 1
uncomfortable, 1
instantly, 1
poison, 1
sa, 1
obvously, 1
washing, 1
strem, 1
eachother, 1
proud, 1
seeya, 1
updates, 1
heil, 1
poissonnn, 1
rageface, 1
octodab, 1
randoms, 1
sisppls, 1
choon, 1
everyones, 1
stiflersmotherlover, 1
ainsley, 1
chocice, 1
funky, 1
featured, 1
p-p-p-p-put, 1
record, 1
existed, 1
quite, 1
starcraft, 1
blizzard, 1
starcraaaaaaaft, 1
animated, 1
brief, 1
looney, 1
tunes, 1
fried, 1
worms, 1
chicks, 1
forgetting, 1
sarah, 1
marshall, 1
viking, 1
accident, 1
50594, 1
possiblo, 1
106, 1
rightback, 1
bliz, 1
hosted, 1
gracenote, 1
fibber, 1
wiki, 1
shizzzzz, 1
dicking, 1
arcade, 1
werr, 1
daniel, 1
td, 1
paper, 1
fa, 1
sab, 1
settling, 1
j, 1
heck, 1
adultood, 1
transferable, 1
vikiredia, 1
694, 1
506, 1
457, 1
435, 1
400, 1
396, 1
serral, 1
wcs, 1
finals, 1
doxxing, 1
brazil, 1
shark, 1
coolcat, 1
30s, 1
ebegging, 1
grossing, 1
filipino, 1
1934, 1
neroxen, 1
benny, 1
feral, 1
homage, 1
sips_-, 1
spp, 1
ignoring, 1
pixel, 1
scoping, 1
ohj, 1
hahash, 1
tocoe, 1
33, 1
statistics, 1
incorrect, 1
yeeet, 1
vegetarian, 1
impeached, 1
allenleech, 1
allanon, 1
irishman, 1
englishman, 1
fightin, 1
psn, 1
buddies, 1
weasley, 1
btfo, 1
accents, 1
tord, 1
toard, 1
patter, 1
dave, 1
toc, 1
irishmen, 1
nuffin, 1
sod, 1
waking, 1
letss, 1
minority, 1
bigot, 1
talked, 1
irony, 1
robbin, 1
ottawa, 1
developments, 1
forsenhobo, 1
halfryan, 1
1999, 1
foony, 1
mowrston, 1
incessant, 1
forsenposture, 1
forsenposture2, 1
peaky, 1
blinders, 1
statistic, 1
grossly, 1
present, 1
gimme, 1
lookee, 1
coont, 1
chugjug, 1
apocalyptic, 1
proberbly, 1
lootboxes, 1
bladerunner, 1
cyberpunk, 1
seamus, 1
mcfly, 1
jackass, 1
prow, 1
shiin, 1
biin, 1
horror, 1
engineers, 1
forsentake, 1
kreygasm1, 1
varmant, 1
manbear, 1
idiots, 1
platoon, 1
20mph, 1
revenge, 1
cast, 1
yoink, 1
trihard, 1
positioned, 1
terminated, 1
138, 1
isthe, 1
cracking, 1
skulls, 1
kinds, 1
search, 1
identifiable, 1
clothing, 1
folk, 1
scaring, 1
capitalism, 1
disingenuous, 1
totes, 1
predictable, 1
smackaroos, 1
pathetic, 1
titled, 1
annoying, 1
pigs, 1
hurry, 1
pansies, 1
losers, 1
platinium, 1
civilized, 1
misogyny, 1
hence, 1
tennis, 1
spelling, 1
harseholes, 1
pair, 1
arseholes, 1
native, 1
robs, 1
twat, 1
libertard, 1
humorous, 1
drama, 1
debate, 1
librals, 1
blackwater, 1
deadeyeexe, 1
manpig, 1
distasteful, 1
banning, 1
dictatershippy, 1
wording, 1
tactics, 1
field, 1
defended, 1
lanterns, 1
dunst, 1
eerik77, 1
shutup, 1
picket, 1
signs, 1
happyporcupine, 1
unbanned, 1
re-review, 1
bets, 1
forsenweird, 1
forsenh, 1
bogusbutt, 1
pal, 1
storymissions, 1
luckily, 1
xcrazylifee, 1
gyozas, 1
tuning, 1
sideshowjack, 1
doner, 1
nichuay_, 1
tnx, 1
dee, 1
102, 1
outrun, 1
nocturnalpie, 1
neogaf, 1
resetera, 1
threads, 1
keywords, 1
apply, 1
yoggood, 1
lemoyne, 1
sych, 1
rockstar, 1
heists, 1
catsyvoncat, 1
atpcap, 1
suspicious, 1
group, 1
mole, 1
1500, 1
187, 1
smackers, 1
1k, 1
celebrate, 1
beard, 1
magnificent, 1
borderline, 1
termination, 1
285224, 1
93, 1
popper, 1
1893, 1
oxykottin, 1
702, 1
512, 1
463, 1
441, 1
412, 1
402, 1
50595, 1
jumpscary, 1
pun, 1
bayou, 1
wrastle, 1
howgetdick, 1
beasts, 1
milling, 1
patriarchy, 1
feistywhale, 1
50596, 1
dickkkkkks, 1
skcid, 1
exotic, 1
pogu, 1
dix, 1
davi2592, 1
takk, 1
ducks, 1
yeeees, 1
nearly, 1
meeeeee, 1
lagras, 1
gatorsville, 1
peedee11, 1
50597, 1
genocide, 1
maxlol, 1
plains, 1
calebflexl, 1
calebflexr, 1
toe, 1
sucking, 1
persona, 1
butman, 1
stagecoach, 1
kickin, 1
taxi, 1
beggars, 1
beggers, 1
dennys, 1
abused, 1
insta, 1
failed, 1
cprquick, 1
fuck'em, 1
nixonnn, 1
5ip5, 1
noooooooo, 1
nooooooooooooooooooo, 1
richardddddddddd, 1
noooooooooooooooo, 1
resignation, 1
fml, 1
assassination, 1
luv, 1
cavalries, 1
ere, 1
diessss, 1
rezzed, 1
nixoooooon, 1
noooooonm, 1
all's, 1
revival, 1
richards, 1
suicide, 1
bomber, 1
futurama, 1
jar, 1
mfer, 1
fort, 1
whered, 1
mulah, 1
taken, 1
awoooooooo, 1
boyyyyy, 1
firest, 1
unique, 1
glowing, 1
doodlin, 1
robber, 1
drawings, 1
artist, 1
ree, 1
claps, 1
te, 1
heyyy, 1
sipssssss, 1
calp, 1
demolished, 1
bairhat, 1
bling, 1
baxes, 1
stale, 1
orignal, 1
youtuberstreamer, 1
firearms, 1
toothdecay, 1
horseshoe, 1
minigame, 1
backdating, 1
wraith, 1
poogers, 1
horizon, 1
ricebseat, 1
ers, 1
linear, 1
shootings, 1
old_gravey, 1
basement, 1
tetris, 1
fornite, 1
spoken, 1
chips, 1
review, 1
zero, 1
dawn, 1
flipping, 1
enjoyed, 1
giant, 1
mech, 1
overwatch, 1
brave, 1
transformers, 1
archers, 1
shouts, 1
blade, 1
warband, 1
2017, 1
concerned, 1
assassins, 1
iamtheboulder, 1
focused, 1
driven, 1
fead, 1
hav, 1
nesting, 1
instinct, 1
upload, 1
crane, 1
ashes, 1
deliverance, 1
verpa217, 1
herobrine, 1
heroin, 1
ron, 1
mercywing1, 1
pinkmercy, 1
mercywing2, 1
incredible, 1
closer, 1
jumpscare, 1
wrassle, 1
thw, 1
birthright, 1
citizenship, 1
mafia, 1
suprise, 1
approaching, 1
indigenous, 1
feeding, 1
misogynistic, 1
implications, 1
aside, 1
constitution, 1
56, 1
tackle, 1
woooooo, 1
becoming, 1
ship, 1
closeup, 1
balllzzz, 1
telsa, 1
hijack, 1
steamer, 1
stick-up, 1
hurt, 1
sky, 1
reinforced, 1
outfits, 1
state, 1
quieter, 1
bare, 1
slapping, 1
ahve, 1
rolling, 1
scoped, 1
gayestfanintheworld, 1
gata, 1
returned, 1
abyss, 1
roleplaying, 1
abnormal, 1
growth, 1
ought, 1
gollum, 1
rp, 1
abovve, 1
dunkeys, 1
rd2, 1
tarp, 1
momma, 1
pissed, 1
sexually, 1
frustrating, 1
eats, 1
argoninan, 1
noodle, 1
snnnnnake, 1
triandle, 1
visiting, 1
campus, 1
replaced, 1
one-star, 1
argonian, 1
gatorade, 1
laid, 1
disappointed, 1
chomped, 1
hatch, 1
johnniemd, 1
leathery, 1
chickenz, 1
birth, 1
asshattilt, 1
chickens, 1
att, 1
lizard, 1
nicee, 1
dinosaur, 1
heay, 1
vertebrate, 1
includes, 1
turtles, 1
tortoises, 1
distinguished, 1
dry, 1
scaly, 1
typically, 1
laying, 1
soft-shelled, 1
theu, 1
platypussk, 1
enigma, 1
prometheus707, 1
microphone, 1
maybs, 1
breathe, 1
messages, 1
crocodilians, 1
oxegyen, 1
interior, 1
aligator, 1
chevrolet, 1
theator, 1
0300, 1
mars, 1
haven, 1
abour, 1
mil, 1
oxigen, 1
madcat, 1
carboniferous, 1
frozen, 1
spiracles, 1
respiration, 1
smaller, 1
iruvatar, 1
kindneys, 1
aligators, 1
adapt, 1
niches, 1
ecosystems, 1
throughout, 1
prehistory, 1
largely, 1
unchanged, 1
metathiax, 1
cuisses, 1
de, 1
grenouille, 1
monsieur, 1
promised, 1
evolving, 1
maxed, 1
lima, 1
beans, 1
ewwww, 1
feets, 1
established, 1
nerd, 1
hive, 1
npcs, 1
hippos, 1
involved, 1
atcha, 1
masturbated, 1
60-65, 1
2016, 1
1860's, 1
1860, 1
2020, 1
1860-1863, 1
1861, 1
1915, 1
1995, 1
1234, 1
religions, 1
cults, 1
napoleon, 1
6969, 1
1986, 1
42069, 1
1960, 1
1982, 1
wins, 1
furries, 1
zombies, 1
1861-1865, 1
ehen, 1
candians, 1
victoria, 1
themselves, 1
ancestors, 1
jersey, 1
burnt, 1
masturbation, 1
outlawed, 1
ark, 1
thown, 1
overboard, 1
bristish, 1
denis, 1
1932, 1
lane, 1
2014, 1
conflict, 1
respective, 1
allies, 1
june, 1
february, 1
1815, 1
historians, 1
often, 1
minor, 1
theater, 1
napoleonic, 1
o'doyle, 1
rulez, 1
sniff, 1
hazard, 1
fucks, 1
goddog, 1
russia, 1
cokey, 1
viagra, 1
alcohol, 1
brush, 1
greaaaat, 1
chaps, 1
petrol, 1
reverend's, 1
bible, 1
canned, 1
torch, 1
coca, 1
cola, 1
diesel, 1
refer, 1
murray, 1
coke, 1
colas, 1
toys, 1
yummy, 1
draws, 1
norm, 1
mougrish, 1
suffered, 1
barbaric, 1
emus, 1
mrhostshot07, 1
rewatching, 1
playthru, 1
millionth, 1
marks, 1
wardrobe, 1
delicious, 1
neckbeard, 1
anno, 1
werewolf, 1
satna, 1
asmongold's, 1
cupboard, 1
pops, 1
thia, 1
spook, 1
sum, 1
boddy, 1
toucha, 1
yogdoncon, 1
burnin, 1
ghosts, 1
filfthy, 1
spells, 1
age, 1
occupied, 1
valuables, 1
weakness, 1
wooden, 1
crapper, 1
skippy, 1
kangaroo, 1
norse, 1
david, 1
attenborough, 1
31, 1
gachi, 1
curtis, 1
traumatized, 1
fox's, 1
scientific, 1
fgs, 1
description, 1
wil, 1
chain, 1
'save', 1
ign, 1
timed, 1
linking, 1
warning, 1
brethren, 1
exchange, 1
shawshank, 1
guard, 1
stalk, 1
criminal, 1
scum, 1
waaaanneeeeedd, 1
kjljr, 1
aliiiiveeee, 1
moderated, 1
edgelord, 1
itd, 1
jumpsuits, 1
emons, 1
dragonborn, 1
susp, 1
hearthfire, 1
context, 1
50598, 1
equivalent, 1
cop, 1
middleman, 1
shady, 1
merchant, 1
losely, 1
myhos, 1
rumble, 1
merchat, 1
kidnap, 1
pw, 1
freehbird, 1
50599, 1
bottle, 1
dafuq, 1
steampunk, 1
trinkets, 1
gubs, 1
dried, 1
smacks, 1
span, 1
vampires, 1
witches, 1
originated, 1
tedlan, 1
lowest, 1
f76, 1
wank, 1
fallout76, 1
assasins, 1
tetanus, 1
barefoot, 1
jeffland, 1
hittin, 1
stis, 1
